Time,Time Code,Country Name,Country Code,GDP (current US$) [NY.GDP.MKTP.CD],GDP per capita (current US$) [NY.GDP.PCAP.CD],GDP growth (annual %) [NY.GDP.MKTP.KD.ZG],"Inflation, consumer prices (annual %) [FP.CPI.TOTL.ZG]","GDP per capita, PPP (current international $) [NY.GDP.PCAP.PP.CD]","Unemployment, total (% of total labor force) (national estimate) [SL.UEM.TOTL.NE.ZS]","Unemployment, total (% of total labor force) (modeled ILO estimate) [SL.UEM.TOTL.ZS]"
2008,YR2008,Belgium,BEL,515223524241.98,48106.892915788,0.446928735275904,4.48944420508401,37883.3319417819,6.97559976577759,6.97599983215332
2008,YR2008,Bulgaria,BGR,54438966419.8639,7265.73549682997,6.08562760690579,12.3487195994021,14335.6964272794,5.60949993133545,5.60900020599365
2008,YR2008,Denmark,DNK,353361038818.383,64322.0635020842,-0.512016744849106,3.41626794258375,41278.3268270571,3.68249988555908,3.43400001525879
2008,YR2008,Finland,FIN,284553976856.599,53554.0389224673,0.783995060876521,4.06595355358378,40083.6972699668,6.3685998916626,6.36899995803833
2008,YR2008,France,FRA,2918382891460.38,45334.1144358246,0.254945960124005,2.81286194914787,35095.2629574491,7.06339979171753,7.06300020217896
2008,YR2008,Ireland,IRL,275038895561.74,61262.1004631517,-4.48038347614992,4.06030495117353,44283.7300411709,6.77360010147095,6.77400016784668
2008,YR2008,Italy,ITA,2398856598798.89,40778.3427367209,-0.962012840579291,3.34783258401023,35523.2713104342,6.72319984436035,6.72300004959106
2008,YR2008,Netherlands,NLD,947997656364.435,57644.4799749353,2.17032485133603,2.48650198289454,46420.2016795592,3.65420007705688,3.65400004386902
2008,YR2008,Poland,POL,533609081852.897,13996.0251506835,4.19996229248767,4.1649719352477,18303.3529197976,7.11759996414185,7.11800003051758
2008,YR2008,Portugal,PRT,262344779551.78,24847.545135091,0.319247925063081,2.58850657657964,26665.8372952939,7.55170011520386,7.55200004577637
2008,YR2008,United Kingdom,GBR,2922667279411.76,47286.9984928367,-0.281153555903288,3.52140856342537,36644.6977720036,5.61499977111816,5.61499977111816
2008,YR2008,Germany,DEU,3730027830672.33,45427.151677489,0.95987913356484,2.62838174873985,37802.3874303197,7.52449989318848,7.52400016784668
2008,YR2008,Romania,ROU,214313628965.024,10435.0439841037,9.30746717077338,7.85080255714483,16782.2070472818,5.78749990463257,5.78700017929077
2008,YR2008,Sweden,SWE,517706149201.196,56152.552340314,-0.450559256743361,3.43704910602875,42158.2956995539,6.23479986190796,6.2350001335144
2008,YR2008,Lithuania,LTU,47797551587.8823,14944.996652175,2.61442303328732,10.9258856241655,20721.097286535,5.82590007781982,5.82600021362305
2008,YR2008,Norway,NOR,462250000000,96944.0956064873,0.476379999491613,3.75393081761006,61716.5997128422,2.54990005493164,2.54999995231628
2008,YR2008,Switzerland,CHE,554363487212.63,72487.8459417575,2.1547019611267,2.42604804028587,52584.7349547922,3.34969997406006,3.34999990463257
2008,YR2008,Ukraine,UKR,179816790704.739,3887.24233680525,2.30402491084496,25.226461707384,9062.24736172871,6.36289978027344,6.36299991607666
2008,YR2008,Moldova,MDA,6054849884.52656,2111.20149504197,7.80000014465953,12.783047261882,6218.49981632007,3.98000001907349,3.98000001907349
2008,YR2008,Russian Federation,RUS,1660846387624.78,11635.2729337888,5.19996926498843,14.1107677840442,20163.6094155718,6.20499992370605,6.20499992370605
2008,YR2008,Algeria,DZA,171008067513.162,4923.84318504191,2.40000000000033,4.85859062814938,12643.1491551178,11.3299999237061,11.3299999237061
2008,YR2008,Argentina,ARG,361558037110.419,9020.87309807194,4.05723310346406,..,17404.0687077926,7.83739995956421,7.83699989318848
2008,YR2008,Bangladesh,BGD,91631278239.3237,634.987056467494,6.01378975923306,8.90194489465155,2206.51032487304,..,4.26700019836426
2008,YR2008,Bolivia,BOL,16674324634.2373,1715.20892185853,6.14849719501387,14.0068107702519,4868.44414304778,2.60339999198914,2.6029999256134
2008,YR2008,Brazil,BRA,1695824565983.2,8831.02311697566,5.09419544732717,5.67859390284171,13312.7634156653,7.34259986877441,7.34299993515015
2008,YR2008,Canada,CAN,1549131208997.19,46594.4509535289,1.00762269545756,2.37027067444294,40275.9898957504,6.13710021972656,6.13700008392334
2008,YR2008,Chile,CHL,179638496278.574,10751.479674217,3.52953055326518,8.7162687303961,16501.8069214628,9.28499984741211,9.28499984741211
2008,YR2008,China,CHN,4594307032660.79,3468.30460207434,9.65067891934387,5.9252552887092,7574.2244550409,4.19999980926514,4.58699989318848
2008,YR2008,Colombia,COL,242186950900.775,5472.53652992425,3.28344618616541,6.99855040288351,10179.244841547,11.2729997634888,11.2729997634888
2008,YR2008,Cuba,CUB,60806300000,5411.27141824963,4.11682804164681,..,..,1.58299994468689,1.58299994468689
2008,YR2008,Ecuador,ECU,61762635000,4249.01926210976,6.35713059990832,8.40009593987462,8845.55449946042,3.91689991950989,3.91700005531311
2008,YR2008,United States,USA,14712844084000,48382.5584490552,-0.136579804247219,3.83910029665101,48382.5584490552,5.7842001914978,5.78399991989136
2008,YR2008,Philippines,PHL,181006859908.109,1991.23154167359,4.34448730509183,8.26044703595724,5239.72705350368,3.71989989280701,3.72000002861023
2008,YR2008,"Gambia, The",GMB,1561763437.0325,924.511516430027,6.25590553394287,4.44365490945012,2244.50059502331,..,8.95899963378906
2008,YR2008,Ghana,GHA,28678701891.0957,1217.06479703935,9.14979897526671,16.5221433143344,2711.87615813124,..,4.76399993896484
2008,YR2008,Guinea,GIN,6964179193.84418,715.09682041101,4.13661615308007,23.065612938798,1638.05218095085,..,4.19899988174438
2008,YR2008,Equatorial Guinea,GNQ,19749893536.3204,22942.5834490967,17.7991091333811,6.55176691184536,38407.8796833546,..,6.33099985122681
2008,YR2008,Honduras,HND,13881701033.6546,1739.35337734076,4.23160011009342,11.4034270813932,3816.83524756731,3.15639996528625,3.15599989891052
2008,YR2008,India,IND,1198895582137.51,998.522339019268,3.08669805953289,8.34926704907584,3650.94285875586,..,5.2810001373291
2008,YR2008,Mali,MLI,9798741073.85509,694.277650085098,4.77314508142975,9.17098813667678,1693.71983544545,..,10.2089996337891
2008,YR2008,Morocco,MAR,92507257783.5697,2890.36008322739,5.92327768597593,3.71484311494067,5886.67082453544,9.56999969482422,9.56999969482422
2008,YR2008,Mauritania,MRT,5138471610.16598,1558.88974344874,-0.331079195278377,7.34663541249786,4142.72108743544,..,9.39500045776367
2008,YR2008,Mexico,MEX,1109989063586.62,10016.5713043884,1.14358458719401,5.12498274575897,14924.8217487322,3.87409996986389,3.87400007247925
2008,YR2008,Nicaragua,NIC,8496946608.23151,1499.25867804528,3.43557299591575,19.8262031287428,3974.7323550878,6.19999980926514,6.19999980926514
2008,YR2008,Nigeria,NGA,337035512676.936,2242.87188553694,6.764472777848,11.5810751748252,4170.73288630657,..,3.53900003433228
2008,YR2008,Pakistan,PAK,170077814106.305,990.846599619906,1.7014054654513,20.2861210929554,3818.07194055216,0.423099994659424,0.423000007867813
2008,YR2008,Paraguay,PRY,24578067861.3998,4041.58387643025,6.35912079325513,10.1547846489023,9085.54016341868,4.41520023345947,4.41499996185303
2008,YR2008,Peru,PER,120550599815.441,4220.61696939507,9.1265683014642,5.78587598206755,8857.86510119117,3.81850004196167,4.05700016021729
2008,YR2008,Dominican Republic,DOM,48122547176.8322,5087.98536455169,3.2095042635224,10.6446210953712,10491.6195826735,4.76429986953735,4.76399993896484
2008,YR2008,Senegal,SEN,16949789464.5284,1411.92933206154,4.05637572690981,7.34720236578405,2609.14022352887,..,9.80200004577637
2008,YR2008,Uruguay,URY,30366213118.4076,9091.07903890419,7.17614466103376,7.87707374730889,14764.1876509669,8.02550029754639,8.02600002288818
2008,YR2008,"Venezuela, RB",VEN,315953388510.678,11432.7438562616,5.27785412398782,..,17723.1472678945,6.2451000213623,6.24499988555908
2009,YR2009,Belgium,BEL,481345929424.84,44583.5448070814,-2.02074306169408,-0.0531456741253762,37785.8681727099,7.90759992599487,7.90799999237061
2009,YR2009,Bulgaria,BGR,52023504656.2878,6988.23332468094,-3.37483832880535,2.75320223914816,14194.8060401419,6.81659984588623,6.81699991226196
2009,YR2009,Denmark,DNK,321241303699.006,58163.2768762815,-4.90654772965155,1.30470991024336,40370.2255403572,6.40939998626709,6.00699996948242
2009,YR2009,Finland,FIN,252496526813.004,47293.9928335042,-8.0744474323113,-9.17360403259616E-07,38008.8160885583,8.2495002746582,8.24899959564209
2009,YR2009,France,FRA,2690222283967.77,41575.4187483737,-2.87331382849631,0.0876204781574529,34711.4450795227,8.73630046844482,8.73600006103516
2009,YR2009,Ireland,IRL,236316405946.096,52105.1524837739,-5.07921247175985,-4.47810339150477,41653.2437279843,12.6089000701904,12.6090002059937
2009,YR2009,Italy,ITA,2191241872742.43,37079.7586704546,-5.2809372082931,0.774768131387384,34636.2164275958,7.74860000610352,7.74900007247925
2009,YR2009,Netherlands,NLD,868077243678.8,52514.0271165323,-3.66688393735825,1.18977687021549,44599.8205587071,4.34700012207031,4.34700012207031
2009,YR2009,Poland,POL,439737508413.192,11526.0558884824,2.83218458943098,3.79539242483406,19258.453772228,8.16679954528809,8.16699981689453
2009,YR2009,Portugal,PRT,243701635176.438,23059.7974457294,-3.12207942033321,-0.83553002150417,26484.3682908257,9.43190002441406,9.43200016021729
2009,YR2009,United Kingdom,GBR,2410909799034.12,38713.1374283353,-4.24782176303837,1.96173173560107,35051.4984287349,7.53730010986328,7.53700017929077
2009,YR2009,Germany,DEU,3397791053070.3,41485.9016495139,-5.69383633640285,0.31273762987172,36851.2820856299,7.74160003662109,7.74200010299683
2009,YR2009,Romania,ROU,174103695930.213,8548.11867218639,-5.51739440805439,5.58742004264392,16647.8547495899,6.85890007019043,6.85900020599365
2009,YR2009,Sweden,SWE,436537014293.554,46946.9602719954,-4.33979057452935,-0.494460544378046,40318.2262500778,8.3508996963501,8.35099983215332
2009,YR2009,Lithuania,LTU,37388122046.1496,11820.7761591359,-14.8386083735986,4.4530445651853,18134.1925079752,13.7849998474121,13.7849998474121
2009,YR2009,Norway,NOR,386190385318.767,79977.6970817492,-1.72702030948713,2.19738586853571,55417.5022398086,3.10290002822876,3.1029999256134
2009,YR2009,Switzerland,CHE,541506500321.662,69927.4687582492,-2.22210715877745,-0.480467933987869,51808.2472831141,4.11609983444214,4.11600017547607
2009,YR2009,Ukraine,UKR,117113410001.027,2542.99542417522,-14.7585621734729,15.8811924594476,7818.30385448924,8.84000015258789,8.84000015258789
2009,YR2009,Moldova,MDA,5439422031.39627,1899.01011658378,-6.00000028938908,-0.0627185967109227,5897.39182821978,6.40000009536743,6.40000009536743
2009,YR2009,Russian Federation,RUS,1222644282201.86,8562.81327716515,-7.79999391343111,11.6473295764118,19389.9411762443,8.30099964141846,8.30099964141846
2009,YR2009,Algeria,DZA,137206139022.712,3883.13242529774,1.60000000000007,5.73706036145632,12722.3781829231,10.1599998474121,10.1599998474121
2009,YR2009,Argentina,ARG,332976484577.619,8225.13717626412,-5.91852507634947,..,16334.7400065189,8.64529991149902,8.64500045776367
2009,YR2009,Bangladesh,BGD,102477791472.39,702.264410019296,5.04512479417738,5.42347236174678,2309.56360575548,5,5
2009,YR2009,Bolivia,BOL,17339992165.2422,1754.21106094735,3.35700125894111,3.34645420142012,4986.46245410146,2.86339998245239,2.86299991607666
2009,YR2009,Brazil,BRA,1667019783585.08,8597.91535151624,-0.125811999414864,4.88803479876804,13269.1185719948,8.5221004486084,8.52200031280518
2009,YR2009,Canada,CAN,1371153004986.44,40773.061528975,-2.92840016684549,0.299466803009284,38794.9307164986,8.3439998626709,8.3439998626709
2009,YR2009,Chile,CHL,172389498444.62,10208.9067622861,-1.5642394429907,0.353045178360941,16159.6052340491,11.3129997253418,11.3129997253418
2009,YR2009,China,CHN,5101703073086.04,3832.23643246702,9.39872563258297,-0.728171334173071,8307.84951918894,4.30000019073486,4.71999979019165
2009,YR2009,Colombia,COL,232397835678.336,5193.24145795078,1.13964864548062,4.2010447688327,10258.9708395312,12.0659999847412,12.0659999847412
2009,YR2009,Cuba,CUB,62080000000,5529.67036020975,1.4513054307407,..,..,1.66999995708466,1.66999995708466
2009,YR2009,Ecuador,ECU,62519686000,4231.61579767847,0.566491592100093,5.15996829181046,8818.67236017466,4.60769987106323,4.60799980163574
2009,YR2009,United States,USA,14448933025000,47099.9804711343,-2.53675706962862,-0.35554626629975,47099.9804711343,9.25419998168945,9.25399971008301
2009,YR2009,Philippines,PHL,176131654910.527,1905.89471053263,1.44832306275669,4.21903052064627,5268.49515468674,3.85809993743896,3.85800004005432
2009,YR2009,"Gambia, The",GMB,1450140385.97229,833.280402724096,6.6657243078367,4.56150687670983,2341.67675797681,..,9.3100004196167
2009,YR2009,Ghana,GHA,26048108185.0534,1077.6621920808,4.84448699844826,19.2507144305153,2792.96818103403,..,5.125
2009,YR2009,Guinea,GIN,6716904568.76482,674.085550245057,-1.11763859460218,4.68438868976501,1595.12888378158,..,4.42899990081787
2009,YR2009,Equatorial Guinea,GNQ,15027795173.2187,16667.9368247067,1.34335628806097,4.6910656774738,37447.5078711509,..,6.64599990844727
2009,YR2009,Honduras,HND,14587496229.1811,1789.70665110755,-2.43162787988011,5.49634273772205,3674.23320945059,3.29169988632202,3.29200005531311
2009,YR2009,India,IND,1341886602798.69,1101.96084002239,7.86188883303498,10.8823529411765,3912.41813721438,..,5.56599998474121
2009,YR2009,Mali,MLI,10190945007.299,698.898921861432,4.80632226697864,2.46375188572298,1731.2682012022,..,9.28499984741211
2009,YR2009,Morocco,MAR,92897320375.8176,2866.92419864666,4.24375732083367,0.971862998667604,6107.38045908702,8.96000003814697,8.96000003814697
2009,YR2009,Mauritania,MRT,4725200357.55624,1392.46414374343,0.0978758719728035,2.2209203238178,4058.7396918867,..,9.75399971008301
2009,YR2009,Mexico,MEX,900045350649.351,8002.97210649807,-5.28574413681751,5.29735584228859,14558.2448127429,5.35640001296997,5.35599994659424
2009,YR2009,Nicaragua,NIC,8298729073.96937,1444.38108433751,-3.29281511303809,3.68700160498801,3820.51089675218,8.15999984741211,8.15999984741211
2009,YR2009,Nigeria,NGA,291880204327.419,1891.33537046421,8.03692510189684,12.5549603893497,4420.97418319254,..,3.72199988365173
2009,YR2009,Pakistan,PAK,168152775283.032,957.995680750104,2.83165851919991,13.6477650639761,3868.74396447327,0.535000026226044,0.535000026226044
2009,YR2009,Paraguay,PRY,22341754513.9643,3624.57105807169,-0.257971433685185,2.5919467343056,9008.71239765267,5.46019983291626,5.46000003814697
2009,YR2009,Peru,PER,120822986521.479,4196.31279301889,1.0958236592427,2.93623153596701,8951.0150220907,3.73020005226135,3.90000009536743
2009,YR2009,Dominican Republic,DOM,48261033297.3001,5039.40259582153,0.946155169741132,1.4421513183435,10539.3978172914,5.46659994125366,5.46700000762939
2009,YR2009,Senegal,SEN,16248212852.2153,1317.23568742745,2.09252708385235,-2.24802147855339,2612.15472604456,..,10.2329998016357
2009,YR2009,Uruguay,URY,31660911278.5627,9451.93244915707,4.24349419543071,7.06221874388572,15464.2622061818,7.74009990692139,7.73999977111816
2009,YR2009,"Venezuela, RB",VEN,329787628928.471,11765.1001763251,-3.20230265749002,27.0809414466131,17042.6832798096,6.09740018844604,6.09700012207031
2010,YR2010,Belgium,BEL,480951629493.033,44141.8781415734,2.86429270764155,2.18929920422458,39866.7272663767,8.29249954223633,8.29199981689453
2010,YR2010,Bulgaria,BGR,50381825504.2642,6812.40633845402,0.559446489731144,2.43899060504117,14877.8501074104,10.2793998718262,10.2790002822876
2010,YR2010,Denmark,DNK,321995279401.502,58041.3984363385,1.87099114718497,2.31092436974789,43031.8073273889,7.74650001525879,7.46400022506714
2010,YR2010,Finland,FIN,249181190476.369,46459.9732548543,3.18595865407703,1.1841352315465,38982.5334165233,8.39439964294434,8.39400005340576
2010,YR2010,France,FRA,2642609548930.36,40638.33400426,1.94943762312663,1.53112270420924,35926.9056275762,8.87129974365234,8.87100028991699
2010,YR2010,Ireland,IRL,222148757577.891,48715.1769134801,1.80997931190268,-0.922095829024469,43327.4024675798,14.5327997207642,14.5329999923706
2010,YR2010,Italy,ITA,2134017843247.16,36000.5201179254,1.71329583916922,1.52551602118248,35181.9684188805,8.36250019073486,8.36299991607666
2010,YR2010,Netherlands,NLD,846554894931.084,50950.0343435181,1.34273933636553,1.27530569556686,45074.0399364739,4.98899984359741,4.98899984359741
2010,YR2010,Poland,POL,479834179020.33,12613.0109954681,3.74051777907684,2.58069370250546,21086.6169189858,9.63720035552979,9.63700008392334
2010,YR2010,Portugal,PRT,237880908317.652,22498.6908586557,1.73762547590566,1.40257289895371,27280.1658554885,10.7699003219604,10.7700004577637
2010,YR2010,United Kingdom,GBR,2475244321361.11,39435.8399018505,1.94952146428622,2.49265472467065,36461.0012184061,7.78660011291504,7.78700017929077
2010,YR2010,Germany,DEU,3396354075663.73,41531.9341978689,4.17988249873657,1.10380916115812,38978.7436979335,6.96640014648438,6.96600008010864
2010,YR2010,Romania,ROU,166309355234.589,8214.07689289811,-3.90123628018621,6.09141668601892,16987.6713675111,6.95919990539551,6.95900011062622
2010,YR2010,Sweden,SWE,495812558843.31,52869.0442891587,5.95210700755608,1.15798802715629,42252.1466910284,8.60970020294189,8.60999965667725
2010,YR2010,Lithuania,LTU,37138464732.9838,11990.6630177633,1.65124065328366,1.31921362055463,20110.2209923897,17.8141002655029,17.8139991760254
2010,YR2010,Norway,NOR,428757038466.841,87693.7900658099,0.701833823862358,2.41890639481001,57958.3743568213,3.521399974823,3.52099990844727
2010,YR2010,Switzerland,CHE,583782978345.834,74605.7210819748,3.00269906375317,0.688233448733407,53107.38553407,4.8028998374939,4.80700016021729
2010,YR2010,Ukraine,UKR,136013155905.036,2965.13971520617,3.83439250483319,9.37293105078976,8245.37524130465,8.10000038146973,8.10000038146973
2010,YR2010,Moldova,MDA,6974960345.3712,2437.52997842423,7.10000008379275,7.48385086350858,6396.08927153201,7.44640016555786,7.44600009918213
2010,YR2010,Russian Federation,RUS,1524917468442.01,10674.9957825675,4.50000000003065,6.8493923025503,20490.1267193879,7.36880016326904,7.36899995803833
2010,YR2010,Algeria,DZA,161155315145.814,4479.34171958005,3.59999999999978,3.91106195534027,13095.4468249877,9.96000003814697,9.96000003814697
2010,YR2010,Argentina,ARG,423627422092.49,10385.9644319555,10.1253981561002,..,18061.9343588337,7.71390008926392,7.71400022506714
2010,YR2010,Bangladesh,BGD,115279077465.226,781.153593557047,5.57178818823149,8.12667639169919,2439.06967674104,3.37890005111694,3.37899994850159
2010,YR2010,Bolivia,BOL,19649631314.0482,1955.46154376367,4.12672195659312,2.5032760584424,5167.11391817954,..,2.55200004577637
2010,YR2010,Brazil,BRA,2208871646202.82,11286.2430162457,7.52822583005563,5.03872690108066,14299.5516971693,..,7.73600006103516
2010,YR2010,Canada,CAN,1613464422811.13,47448.0132198383,3.08949461982786,1.77687154092629,40019.2054024998,8.05550003051758,8.05599975585938
2010,YR2010,Chile,CHL,218537551220.071,12808.034586422,5.84417729578996,1.41071107954318,18161.8039224929,8.42430019378662,8.42399978637695
2010,YR2010,China,CHN,6087163874512.21,4550.4531077571,10.6358710645426,3.17532798075574,9253.76518767716,4.09999990463257,4.52600002288818
2010,YR2010,Colombia,COL,286563105192.456,6336.70947398466,4.49465897070922,2.27118326422564,10731.6459149098,10.9840002059937,10.9840002059937
2010,YR2010,Cuba,CUB,64328000000,5730.35477459488,2.39035229650723,..,..,2.5,2.5
2010,YR2010,Ecuador,ECU,69555367000,4633.59035839904,3.52529866894027,3.55437734567846,9090.30823347373,4.08750009536743,4.08799982070923
2010,YR2010,United States,USA,14992052727000,48467.5157769259,2.56376656343198,1.64004344238989,48467.5157769259,9.63339996337891,9.63300037384033
2010,YR2010,Philippines,PHL,208368892319.233,2217.47400857231,7.33449996034538,3.78983634797591,5626.28140041951,3.60509991645813,3.60500001907349
2010,YR2010,"Gambia, The",GMB,1543292392.54605,860.637873688125,5.90833580968288,5.04968075857404,2434.8912487673,..,9.39500045776367
2010,YR2010,Ghana,GHA,32197272797.2028,1299.34494946039,7.89971188935309,10.7075681218711,2973.83282049443,5.32000017166138,5.32000017166138
2010,YR2010,Guinea,GIN,6853467857.61127,672.424402562443,4.82071541392241,15.4619810737553,1653.71819926085,..,4.48699998855591
2010,YR2010,Equatorial Guinea,GNQ,16314442183.3477,17288.8595992193,-8.92417588851806,7.78916547991181,32965.8995906495,..,6.72300004959106
2010,YR2010,Honduras,HND,15839344591.9842,1904.34646496881,3.73114034433009,4.69889064976229,3778.4605610207,4.11870002746582,4.11899995803833
2010,YR2010,India,IND,1675615335600.56,1357.56371913262,8.49758470158106,11.9893899204244,4236.7442364733,2.44359993934631,5.63600015640259
2010,YR2010,Mali,MLI,10689167195.3375,710.274202175837,5.31393527895875,1.10892690670188,1787.16155493815,8.06999969482422,8.06999969482422
2010,YR2010,Morocco,MAR,93216746661.5977,2839.92516805933,3.8157179167666,0.993557401226434,6332.12354481436,9.09000015258789,9.09000015258789
2010,YR2010,Mauritania,MRT,5628882266.37767,1610.92390847611,2.62022952055378,6.28354087427708,4092.08466949768,..,9.84200000762939
2010,YR2010,Mexico,MEX,1057801295584.05,9271.39823324639,5.11811814321163,4.15672722680176,15260.6205539571,5.30329990386963,5.30299997329712
2010,YR2010,Nicaragua,NIC,8758639096.47693,1503.87042323136,4.41048139816023,5.45513425887415,3981.07613517257,7.82999992370605,7.82999992370605
2010,YR2010,Nigeria,NGA,361456622215.721,2280.43742370522,8.00565591528178,13.7202018444406,4703.20500868225,..,3.76699995994568
2010,YR2010,Pakistan,PAK,177165635077.065,987.409723043923,1.60668862905307,12.938870563489,3890.29066195421,0.652899980545044,0.652999997138977
2010,YR2010,Paraguay,PRY,27215968615.5548,4355.93493867734,11.1437357938518,4.6511627906977,9993.03296968295,4.56909990310669,4.56899976730347
2010,YR2010,Peru,PER,147528937028.778,5082.35475666351,8.33245910749577,1.52832059732903,9730.42311516093,3.30080008506775,3.4779999256134
2010,YR2010,Dominican Republic,DOM,53860175556.5208,5555.38972195611,8.33965105570553,6.32993220146149,11410.3487518272,5.21199989318848,5.21199989318848
2010,YR2010,Senegal,SEN,16230887978.4993,1280.22546972155,3.56274538992136,1.22868119673344,2662.68694070803,..,10.3450002670288
2010,YR2010,Uruguay,URY,40284481653.4343,11992.0166266335,7.80340965525524,6.69870886978135,16817.0690377278,7.15819978713989,7.15799999237061
2010,YR2010,"Venezuela, RB",VEN,393192354510.653,13825.3580883312,-1.48879125078348,28.1874647092039,16740.369418724,7.1121997833252,7.11199998855591
2011,YR2011,Belgium,BEL,522645519183.591,47348.5250202016,1.69451389861332,3.53208210722744,40942.372710454,7.13959980010986,7.1399998664856
2011,YR2011,Bulgaria,BGR,57386216850.3377,7809.42506245471,2.35455692273156,4.21990346601875,15667.3738613269,11.2595996856689,11.2600002288818
2011,YR2011,Denmark,DNK,344003137611.271,61753.647131977,1.33677776690328,2.75868226051246,44403.3848413929,7.76919984817505,7.57299995422363
2011,YR2011,Finland,FIN,275243697751.011,51081.9976703127,2.54766483842627,3.41680754255211,40916.8385790274,7.7810001373291,7.7810001373291
2011,YR2011,France,FRA,2861408170264.6,43790.7320482019,2.19270063266654,2.11159795174997,37440.6386298685,8.81099987030029,8.81099987030029
2011,YR2011,Ireland,IRL,237472361733.546,51848.9096998104,0.343441112458279,2.5571888318692,44855.3246749783,15.3528003692627,15.3529996871948
2011,YR2011,Italy,ITA,2291991045770.29,38599.0622070322,0.707333347034435,2.78063272879324,36598.0149693024,8.35900020599365,8.35900020599365
2011,YR2011,Netherlands,NLD,904085980796.018,54159.3466126142,1.55118931244651,2.3410701775137,46599.02103045,4.97730016708374,4.97700023651123
2011,YR2011,Poland,POL,528301269069.799,13879.5609852546,4.75763800382072,4.23940149625935,22827.6981360924,9.63169956207275,9.63199996948242
2011,YR2011,Portugal,PRT,244797226567.109,23186.9131283278,-1.69616478061504,3.65301100430729,26769.5118850004,12.6772003173828,12.6770000457764
2011,YR2011,United Kingdom,GBR,2659310054646.23,42038.572250193,1.54014740315958,3.85611244682819,37169.5471442258,8.03769969940186,8.03699970245361
2011,YR2011,Germany,DEU,3744408602683.94,46644.776027968,3.92519270463411,2.07517452479837,42541.5310884096,5.82439994812012,5.82399988174438
2011,YR2011,Romania,ROU,183326740143.016,9099.2175388969,1.90606770748846,5.78925328815882,17896.297365395,7.1774001121521,7.17700004577637
2011,YR2011,Sweden,SWE,574094112972.733,60755.7595508465,3.1953332348894,2.96115073822139,44608.5802614915,7.80410003662109,7.80399990081787
2011,YR2011,Lithuania,LTU,43582248869.6143,14392.5342563325,6.03900816040344,4.13027562645087,22884.9262304,15.3903999328613,15.3900003433228
2011,YR2011,Norway,NOR,498283438454.281,100600.562407589,0.981469497299358,1.28495158809159,62076.7406576686,3.21490001678467,3.21499991416931
2011,YR2011,Switzerland,CHE,699579638413.011,88415.6280324892,1.69280851305236,0.231336576913037,56183.8325669209,4.40220022201538,4.40799999237061
2011,YR2011,Ukraine,UKR,163159671670.265,3569.75812083898,5.46550184584432,7.95572466274646,8909.65960754126,7.85139989852905,7.85099983215332
2011,YR2011,Moldova,MDA,8414360656.29632,2942.25594861529,5.81816640453509,7.68725103356187,6913.60229203322,6.68219995498657,6.68200016021729
2011,YR2011,Russian Federation,RUS,2045925608274.37,14311.0843159612,4.3000291857941,8.44046485932559,22798.6744273279,6.53550004959106,6.53599977493286
2011,YR2011,Algeria,DZA,200254371997.255,5462.26089723183,2.90000000000026,4.52421150505276,13500.0416554875,9.96000003814697,9.96000003814697
2011,YR2011,Argentina,ARG,530163281574.658,12848.8641969705,6.00395169280579,..,19322.2271236942,7.17950010299683,7.17999982833862
2011,YR2011,Bangladesh,BGD,128637938711.386,861.758444349051,6.46437912329563,11.3951651552399,2620.82248355375,..,3.70499992370605
2011,YR2011,Bolivia,BOL,23963033430.5954,2346.33715481293,5.20409230814928,9.88446419823887,5460.25545403167,2.21860003471375,2.21900010108948
2011,YR2011,Brazil,BRA,2616200980392.16,13245.6124995448,3.97442540583816,6.63644962213085,15040.0581828206,6.91699981689453,6.91699981689453
2011,YR2011,Canada,CAN,1788647906047.76,52087.446383568,3.14688137207058,2.91213508872355,41569.449617197,7.51109981536865,7.51100015640259
2011,YR2011,Chile,CHL,252251992029.442,14637.2402355403,6.11091882913644,3.34121694259299,20342.5709204911,7.3439998626709,7.3439998626709
2011,YR2011,China,CHN,7551500124203.36,5618.13226711952,9.55083217886425,5.55389705904324,10299.870694002,4.09999990463257,4.5479998588562
2011,YR2011,Colombia,COL,334943871931.745,7335.16693447605,6.94789198173555,3.41758959146978,11604.102283016,10.1108999252319,10.1110000610352
2011,YR2011,Cuba,CUB,68990000000,6139.71932965905,2.80230083647626,..,..,3.1800000667572,3.1800000667572
2011,YR2011,Ecuador,ECU,79276664000,5200.55579014874,7.86814091910996,4.47453265795836,9857.52181613622,3.45799994468689,3.45799994468689
2011,YR2011,United States,USA,15542581104000,49886.8181094923,1.55083550424324,3.15684156862206,49886.8181094923,8.94919967651367,8.94900035858154
2011,YR2011,Philippines,PHL,234216730703.914,2450.73365616231,3.85823282795663,4.71841704718416,5865.3436739983,3.59220004081726,3.59200000762939
2011,YR2011,"Gambia, The",GMB,1409694553.90934,762.761054131159,-8.13044422315659,4.79588266183113,2215.7511092395,..,9.39900016784668
2011,YR2011,Ghana,GHA,39337314809.9434,1549.46290192946,14.0471236303192,8.72683683123392,3379.48499790009,..,5.61899995803833
2011,YR2011,Guinea,GIN,6785137172.77058,651.135363533047,5.61210427912495,21.3504664236733,1743.94710091875,..,4.48999977111816
2011,YR2011,Equatorial Guinea,GNQ,21357344847.4966,21641.8705192127,6.52392362989873,4.80538922155687,34280.254893443,..,6.72599983215332
2011,YR2011,Honduras,HND,17710315005.9999,2088.31530028695,3.83569066207505,6.76227957314765,3928.26807500573,4.47450017929077,4.47399997711182
2011,YR2011,India,IND,1823050405350.42,1458.10352686177,5.2413447428854,8.85836096636663,4493.66780352489,..,5.63800001144409
2011,YR2011,Mali,MLI,12995074801.061,837.603440597371,3.21313378044307,2.95564395229391,1826.6477924667,6.90000009536743,6.90000009536743
2011,YR2011,Morocco,MAR,101370474295.109,3046.94913644957,5.24569729729485,0.906924909691796,6712.32600283335,8.90999984741211,8.90999984741211
2011,YR2011,Mauritania,MRT,6764635686.79345,1879.77142715638,4.17278328304418,5.68631959575963,4225.56891314372,..,9.8459997177124
2011,YR2011,Mexico,MEX,1180489601957.61,10203.4208543113,3.66300792950094,3.40737824605736,16520.2585085371,5.1697998046875,5.17000007629395
2011,YR2011,Nicaragua,NIC,9774262741.75783,1655.80182373144,6.3167096061833,8.0823879809911,4263.15488799854,..,6.44700002670288
2011,YR2011,Nigeria,NGA,404993594133.582,2487.59815432028,5.30792420366642,10.8400275418866,4922.70261677136,3.769700050354,3.76999998092651
2011,YR2011,Pakistan,PAK,213587413183.996,1164.97612914872,2.7484059174005,11.9160927116277,3993.55013133961,0.796000003814697,0.796000003814697
2011,YR2011,Paraguay,PRY,33715524703.9288,5322.96375987671,4.24911104462905,8.25396825396825,10490.9355410387,4.66949987411499,4.66900014877319
2011,YR2011,Peru,PER,171761737046.585,5869.32307961474,6.32719240161117,3.36931095333853,10476.7948962064,3.26830005645752,3.44199991226196
2011,YR2011,Dominican Republic,DOM,58029750744.3809,5913.43207211309,3.13342300479682,8.45936288574802,11869.1339800985,6.08690023422241,6.08699989318848
2011,YR2011,Senegal,SEN,17902207621.6248,1373.52078902067,1.45838867138957,3.40322829786967,2682.69360623703,10.3599996566772,10.3599996566772
2011,YR2011,Uruguay,URY,47962439302.6658,14236.6811883717,5.1621330218269,8.09283206302989,18002.8510746563,6.30709981918335,6.30700016021729
2011,YR2011,"Venezuela, RB",VEN,316482190800.364,10955.3499126366,4.17642535923927,26.0902123160955,17527.4477948588,6.90180015563965,6.90199995040894
2012,YR2012,Belgium,BEL,496181260258.3,44673.1158755901,0.739217283058679,2.83966343445897,42290.7620520019,7.54169988632202,7.54199981689453
2012,YR2012,Bulgaria,BGR,54033250328.5151,7395.84980340721,0.356586982837044,2.95456829831017,16247.4780293328,12.2699003219604,12.2700004577637
2012,YR2012,Denmark,DNK,327148943812.137,58507.5080517852,0.226499791802965,2.39791485664639,44803.9682421214,7.7975001335144,7.52600002288818
2012,YR2012,Finland,FIN,258304834621.605,47710.7902169415,-1.39754572817782,2.80833622561575,40873.0953326066,7.68909978866577,7.68900012969971
2012,YR2012,France,FRA,2683825225092.63,40874.7035053457,0.313134751077172,1.95419531613507,37679.1217798605,9.40019989013672,9.39999961853027
2012,YR2012,Ireland,IRL,224999484361.826,48917.8976130459,0.225714790371583,1.69620897294545,46256.5689354062,15.4506998062134,15.451000213623
2012,YR2012,Italy,ITA,2087077032435.15,35053.5262442572,-2.98090576823772,3.04136333226773,36486.2967870302,10.6545000076294,10.6549997329712
2012,YR2012,Netherlands,NLD,838971306990.906,50073.0056559308,-1.03035399148436,2.45554765291609,47272.1030187972,5.82089996337891,5.82100009918213
2012,YR2012,Poland,POL,498523568248.119,13097.2708482174,1.32489082785044,3.56037151702788,23745.6977950951,10.0876998901367,10.0880002975464
2012,YR2012,Portugal,PRT,216236608773.976,20564.8898617969,-4.05729360769561,2.77333854051579,26438.0163019973,15.5268001556396,15.5270004272461
2012,YR2012,United Kingdom,GBR,2704887678386.72,42462.771568145,1.4789239242734,2.57323479654528,38299.5689881601,7.8846001625061,7.88500022888184
2012,YR2012,Germany,DEU,3527344944139.83,43858.3630551076,0.418497594217598,2.0084909216701,43359.6148271723,5.37939977645874,5.37900018692017
2012,YR2012,Romania,ROU,170635805316.879,8507.10477456436,2.04066513079732,3.33492267693443,18869.6758993692,6.79370021820068,6.79400014877319
2012,YR2012,Sweden,SWE,552483727282.802,58037.8213192173,-0.588304568990736,0.8883775069237,45432.4319692761,7.97569990158081,7.97599983215332
2012,YR2012,Lithuania,LTU,42943442157.7701,14373.060522928,3.8438647490634,3.08998277055416,24703.7403952162,13.364800453186,13.3649997711182
2012,YR2012,Norway,NOR,509506317146.541,101524.141851985,2.70307385484266,0.696864111498241,65354.7792483883,3.12280011177063,3.12299990653992
2012,YR2012,Switzerland,CHE,668043613696.287,83538.230025042,1.0060240455055,-0.692545841930371,57849.5839515252,4.48460006713867,4.4850001335144
2012,YR2012,Ukraine,UKR,175781379051.433,3855.41772856732,0.238681720768113,0.568727971803899,9343.33073966083,7.52880001068115,7.52899980545044
2012,YR2012,Moldova,MDA,8709165249.26928,3045.73987422417,-0.589734125919819,4.54633427355305,7363.1623193664,5.57779979705811,5.57800006866455
2012,YR2012,Russian Federation,RUS,2208295773643.15,15420.8745413273,4.02408615720979,5.0747430079915,24303.4734145818,5.4362998008728,5.43599987030029
2012,YR2012,Algeria,DZA,209021250805.932,5591.21235322404,3.39999999999982,8.89145091062314,13303.3317888752,10.9700002670288,10.9700002670288
2012,YR2012,Argentina,ARG,545982375701.128,13082.664325572,-1.0264204544321,..,19641.3528638347,7.21659994125366,7.21700000762939
2012,YR2012,Bangladesh,BGD,133355749482.478,883.105000541313,6.52145878084202,6.21750422069283,2937.58845156683,..,4.05499982833862
2012,YR2012,Bolivia,BOL,27084497482.8616,2609.88081366788,5.12227576725965,4.51560291399368,5921.64947773198,2.04789996147156,2.04800009727478
2012,YR2012,Brazil,BRA,2465188674415.03,12370.0242007149,1.92115031836305,5.40349914037009,15046.2898798158,7.18569993972778,7.18599987030029
2012,YR2012,Canada,CAN,1828689329348.99,52678.3901234772,1.76222254945881,1.51567823124521,42290.9654102745,7.29180002212524,7.29199981689453
2012,YR2012,Chile,CHL,267122320056.702,15351.5513257697,5.31862800041414,3.00744840213049,21507.7074027908,6.65939998626709,6.65899991989136
2012,YR2012,China,CHN,8532229986993.65,6316.91831760216,7.86373644864966,2.61952616488542,11197.5969363537,4.09999990463257,4.57000017166138
2012,YR2012,Colombia,COL,370921320483.841,8050.2553716705,3.91263576716115,3.16732560328694,12018.6512847411,9.74050045013428,9.73999977111816
2012,YR2012,Cuba,CUB,73141000000,6497.32111313561,3.01490028898772,..,..,3.46000003814697,3.46000003814697
2012,YR2012,Ecuador,ECU,87924544000,5682.04500655353,5.641962066712,5.1017218095867,10311.4025981044,3.23489999771118,3.23499989509583
2012,YR2012,United States,USA,16197007349000,51610.6052783379,2.24954585097743,2.06933726526059,51610.6052783379,8.0693998336792,8.06900024414063
2012,YR2012,Philippines,PHL,261920542606.89,2694.30547298686,6.89695171050985,3.02696391124798,6296.82767871932,3.50419998168945,3.50399994850159
2012,YR2012,"Gambia, The",GMB,1415006238.09509,742.781137796627,5.24156924630741,4.25432199813898,2199.78814290614,9.4173002243042,9.41699981689453
2012,YR2012,Ghana,GHA,41270954737.2459,1587.56123719997,9.29278940459675,7.12635005995042,3781.86625632064,..,5.93699979782104
2012,YR2012,Guinea,GIN,7638045254.42864,717.050737885584,5.91691173154778,15.225101393202,1795.44831348016,..,4.5019998550415
2012,YR2012,Equatorial Guinea,GNQ,22388345810.2466,21711.1532298542,8.31287184445641,3.6566204827882,37570.6353966964,..,6.74100017547607
2012,YR2012,Honduras,HND,18528601901.324,2144.3426111782,4.12868774866939,5.19618615531848,4032.58132276332,3.75449991226196,3.75399994850159
2012,YR2012,India,IND,1827637859135.7,1443.87952939042,5.45635895072287,9.31244560487382,4861.14637077484,2.68980002403259,5.65199995040894
2012,YR2012,Mali,MLI,12441946098.4018,778.619285773713,-0.83673463153076,5.32312847064058,1763.83947833332,..,7.09600019454956
2012,YR2012,Morocco,MAR,98266306615.3632,2912.65827494029,3.00996126221978,1.28712240079213,6702.41832426533,8.98999977111816,8.98999977111816
2012,YR2012,Mauritania,MRT,6728208836.22143,1815.21942921145,4.47001318233693,4.90242727217991,4262.06484689096,9.86450004577637,9.86499977111816
2012,YR2012,Mexico,MEX,1201089987015.45,10241.7279153745,3.64232267941347,4.11150981070293,17162.9275170326,4.88700008392334,4.88700008392334
2012,YR2012,Nicaragua,NIC,10532049076.9407,1760.4685841634,6.49674729903211,7.19355053338952,4427.96773961083,5.2076997756958,5.20800018310547
2012,YR2012,Nigeria,NGA,455501524575.498,2723.8227773066,4.23006117510553,12.2177817351031,4982.94647148078,..,3.73499989509583
2012,YR2012,Pakistan,PAK,224383620829.57,1198.10900052752,3.50703342009689,9.6823518605568,4018.70376868105,..,1.70000004768372
2012,YR2012,Paraguay,PRY,33283228891.0923,5183.08287691315,-0.538512942503061,3.6759189797449,10022.1254646283,4.08549976348877,4.08500003814697
2012,YR2012,Peru,PER,192648999090.082,6528.97221785312,6.13972470560435,3.65570906781008,10767.6780575477,2.93549990653992,3.10899996757507
2012,YR2012,Dominican Republic,DOM,60681537194.7076,6110.36965236196,2.71736789967294,3.69454945767187,11900.4909965793,6.72200012207031,6.72200012207031
2012,YR2012,Senegal,SEN,17824398468.8858,1329.98137880303,5.11739423674786,1.41822871177848,2764.78380859104,..,9.42700004577637
2012,YR2012,Uruguay,URY,51264390114.2305,15171.5846627498,3.5381787224,8.09776580573602,18192.3350870169,6.45130014419556,6.45100021362305
2012,YR2012,"Venezuela, RB",VEN,381286237847.667,12985.5053251065,5.62595697508641,21.0689956331878,..,6.60059976577759,6.60099983215332
2013,YR2013,Belgium,BEL,521642714407.843,46744.6625441516,0.459242192907709,1.11309594027537,43671.11959259,8.42529964447021,8.42500019073486
2013,YR2013,Bulgaria,BGR,55615397665.5809,7655.12970759319,0.325769436153124,0.890093540913032,16588.9474389951,12.9407997131348,12.9409999847412
2013,YR2013,Denmark,DNK,343584391647.927,61191.1937042028,0.933340972371226,0.789071780078061,46726.8541437832,7.38390016555786,6.99700021743774
2013,YR2013,Finland,FIN,271285280621.373,49878.0432444536,-0.901696316194844,1.47828615688804,41493.1416470359,8.19340038299561,8.19299983978271
2013,YR2013,France,FRA,2811077725703.59,42592.9340943342,0.576326674771792,0.863715497861826,39523.8539542181,9.92059993743896,9.92099952697754
2013,YR2013,Ireland,IRL,238543539440.554,51590.1885889392,1.35163384675889,0.508714869485436,47897.2917958845,13.7348003387451,13.7349996566772
2013,YR2013,Italy,ITA,2141315327318.21,35549.9746972954,-1.84106545088248,1.21999342274305,36314.6971007775,12.148699760437,12.1490001678467
2013,YR2013,Netherlands,NLD,876923518850.405,52184.0618504931,-0.130175288449919,2.50689852657884,49241.5178406305,7.24300003051758,7.24300003051758
2013,YR2013,Poland,POL,521016262734.924,13696.4663046143,1.12576783609582,0.99198260633235,24567.5061660535,10.3259000778198,10.326000213623
2013,YR2013,Portugal,PRT,226369502104.236,21647.0418118869,-0.922644674527888,0.27441666666668,27936.0396644563,16.1833992004395,16.1830005645752
2013,YR2013,United Kingdom,GBR,2786022872706.81,43444.533001954,2.1394857181109,2.29166666666666,39931.2293779137,7.52419996261597,7.52500009536743
2013,YR2013,Germany,DEU,3732743446218.92,46285.7640688407,0.437591303144671,1.5047209800535,44993.8927459315,5.23059988021851,5.23099994659424
2013,YR2013,Romania,ROU,190801346194.297,9547.85215096612,3.77096230437297,3.98471235548128,19781.9501164352,7.09600019454956,7.09600019454956
2013,YR2013,Sweden,SWE,586841821796.891,61126.9431963979,1.187775715906,-0.0442929701486557,46312.3923824667,8.05210018157959,8.05200004577637
2013,YR2013,Lithuania,LTU,46514471181.9327,15726.626829911,3.55007284270485,1.04747937065349,26721.5796712844,11.7699003219604,11.7700004577637
2013,YR2013,Norway,NOR,522761531914.894,102913.450843674,1.03407291353631,2.12048620353119,66961.2530988205,3.42309999465942,3.42300009727478
2013,YR2013,Switzerland,CHE,688504173431.454,85112.4643984141,1.85203981617654,-0.21730851764762,60108.5163468318,4.74669981002808,4.74700021743774
2013,YR2013,Ukraine,UKR,183310146378.081,4029.71125162545,-0.0266978900718868,-0.238948626045408,10691.7646844701,7.17000007629395,7.17000007629395
2013,YR2013,Moldova,MDA,9496684701.43325,3322.0384362615,9.0438654824315,4.59787897363133,8381.67183313924,5.10430002212524,5.10400009155273
2013,YR2013,Russian Federation,RUS,2292473246621.08,15974.6446270517,1.75542214909368,6.75371026220953,26073.8745307451,5.4576997756958,5.45800018310547
2013,YR2013,Algeria,DZA,209724351221.97,5498.78409497823,2.8,3.25423910998847,13056.8036185828,9.81999969482422,9.81999969482422
2013,YR2013,Argentina,ARG,552025140252.246,13080.2547323367,2.40532378079436,..,20131.6804246983,7.09959983825684,7.09999990463257
2013,YR2013,Bangladesh,BGD,149990451022.29,981.839879150399,6.01360565777871,7.53040640913171,3143.51835686654,4.4261999130249,4.42600011825562
2013,YR2013,Bolivia,BOL,30659338880.3786,2908.20009458765,6.79601124124112,5.73640023719613,6624.80529343012,2.39389991760254,2.39400005340576
2013,YR2013,Brazil,BRA,2472806919901.67,12300.3248822758,3.00484630505706,6.204310666401,15588.7262064568,6.97639989852905,6.97599983215332
2013,YR2013,Canada,CAN,1847208522155.34,52652.5936828278,2.3291225062102,0.93829189781521,44298.5787342765,7.07359981536865,7.07399988174438
2013,YR2013,Chile,CHL,278384345259.377,15842.9408052125,4.045004298149,1.78955553984587,22439.2783559589,6.21400022506714,6.21400022506714
2013,YR2013,China,CHN,9570406235659.64,7050.64627124287,7.76615009763002,2.62104902701091,11923.7526189386,4.05000019073486,4.59000015258789
2013,YR2013,Colombia,COL,382116126448.555,8218.34784431477,5.13399351995672,2.01809847891195,12727.764931531,9.0516996383667,9.05200004577637
2013,YR2013,Cuba,CUB,77148000000,6837.71289192677,2.74760256257211,..,..,3.28999996185303,3.28999996185303
2013,YR2013,Ecuador,ECU,95129659000,6056.3308269681,4.94651126690626,2.72177577710365,11153.6845018163,3.08260011672974,3.08299994468689
2013,YR2013,United States,USA,16784849196000,53117.6678498178,1.84208107011949,1.46483265562714,53117.6678498178,7.37489986419678,7.375
2013,YR2013,Philippines,PHL,283902829721.087,2871.43090179354,6.75053130142255,2.58268766141797,6614.68392517884,3.49729990959167,3.49699997901917
2013,YR2013,"Gambia, The",GMB,1375608956.10386,700.514971960668,2.872768790327,5.69912989637381,2121.48639167384,..,9.44099998474121
2013,YR2013,Ghana,GHA,62405374785.5052,2345.39290574885,7.31252500733126,11.6661923071728,5259.61806897265,2.17289996147156,6.26900005340576
2013,YR2013,Guinea,GIN,8376613843.27265,769.003943268326,3.93478402501792,11.8878956127303,1811.33434665775,..,4.51800012588501
2013,YR2013,Equatorial Guinea,GNQ,21948835350.3425,20390.7193153023,-4.13319850131583,2.94887694639657,34766.0115782044,..,6.76100015640259
2013,YR2013,Honduras,HND,18499710127.8385,2102.59316626494,2.79155975746801,5.1618989858149,4142.23986815777,5.64580011367798,4.09600019454956
2013,YR2013,India,IND,1856722121394.53,1449.6059123387,6.38610640094825,10.9076433121019,5057.21758085031,..,5.6710000038147
2013,YR2013,Mali,MLI,13242680704.5961,805.032838240856,2.29506828962617,-0.606736356351494,1812.96511805175,6.35090017318726,7.30000019073486
2013,YR2013,Morocco,MAR,106825649872.108,3121.68117550498,4.53542420003856,1.88065466724086,6916.01545695272,9.22999954223633,9.22999954223633
2013,YR2013,Mauritania,MRT,7223063169.72749,1892.09548717758,4.15081318627171,4.12910173783393,4481.25536398952,..,9.88799953460693
2013,YR2013,Mexico,MEX,1274443084716.57,10725.1833166036,1.35409196151679,3.80639069747207,17373.8970180913,4.91389989852905,4.91400003433228
2013,YR2013,Nicaragua,NIC,10982938825.6994,1811.6325213683,4.92611504652518,7.135467852894,4610.28808604055,5.28000020980835,5.28000020980835
2013,YR2013,Nigeria,NGA,508692961937.492,2961.550283849,6.67133539288378,8.47582728502893,5225.17445533921,3.70329999923706,3.70300006866455
2013,YR2013,Pakistan,PAK,231218567178.979,1208.90431029644,4.39645663349772,7.6921561189957,4103.58407799174,2.95370006561279,2.9539999961853
2013,YR2013,Paraguay,PRY,38585317742.9809,5926.83286284344,8.41749528470308,2.68385738718593,11086.7456153261,4.38469982147217,4.38500022888184
2013,YR2013,Peru,PER,201175469114.327,6756.75276926556,5.85251821084928,2.80671650937615,11295.9628850179,3.2046000957489,3.23699998855591
2013,YR2013,Dominican Republic,DOM,62682163837.6521,6238.13360825277,4.87520508937607,4.83095096740802,12482.1645997155,7.35150003433228,7.35200023651123
2013,YR2013,Senegal,SEN,18965572150.2913,1376.06981577192,2.82210564972358,0.710245486695225,2749.22159055004,..,8.54199981689453
2013,YR2013,Uruguay,URY,57531233351.2089,16973.6742131099,4.63753862983948,8.57513504005394,19130.044465099,6.44369983673096,6.44399976730347
2013,YR2013,"Venezuela, RB",VEN,371005379786.566,12456.7124535391,1.34309403607476,40.6394275161588,..,..,7.53999996185303
2014,YR2014,Belgium,BEL,534678075827.361,47700.5403601178,1.57853314322614,0.340002833356965,44929.685593416,8.52270030975342,8.52299976348877
2014,YR2014,Bulgaria,BGR,56901994980.3283,7876.86646539994,1.88546463842944,-1.41818380264842,17561.3040831591,11.4238004684448,11.423999786377
2014,YR2014,Denmark,DNK,352993631617.708,62548.9847332908,1.61939381103033,0.564020540449518,47901.4473627066,6.92530012130737,6.58900022506714
2014,YR2014,Finland,FIN,274497230802.958,50260.2998588958,-0.364908156882066,1.04119621178439,41757.4021894413,8.66300010681152,8.66300010681152
2014,YR2014,France,FRA,2852165760630.27,43011.2631028417,0.956183052371557,0.507758822937957,40144.0268283679,10.292200088501,10.2919998168945
2014,YR2014,Ireland,IRL,258471884599.611,55492.982562275,8.55668815348987,0.182542316627949,51067.9766083865,11.8572998046875,11.8570003509521
2014,YR2014,Italy,ITA,2159133919743.77,35518.4152916749,-0.00454754236383792,0.241047429826773,36194.873918843,12.6828002929688,12.6829996109009
2014,YR2014,Netherlands,NLD,890981311077.658,52830.1742328055,1.42339539510084,0.976035079699661,49233.2153954401,7.41580009460449,7.41599988937378
2014,YR2014,Poland,POL,542477096211.761,14271.3058536202,3.37857807264132,0.0538213132400467,25475.5046935928,8.98980045318604,8.98999977111816
2014,YR2014,Portugal,PRT,229596170846.995,22074.3007634216,0.792190301875365,-0.278153367467421,28742.4403783509,13.894100189209,13.8940000534058
2014,YR2014,United Kingdom,GBR,3063803240208.01,47425.6076805194,2.60747590068877,1.45112016293279,41289.0758256899,6.10960006713867,6.1100001335144
2014,YR2014,Germany,DEU,3883920155292.26,47959.9932737599,2.20954343134872,0.906797948515676,47011.5510935131,4.98059988021851,4.98099994659424
2014,YR2014,Romania,ROU,199959363430.073,10043.6774497614,3.60872365319838,1.06830987684293,20657.6186252417,6.80210018157959,6.80200004577637
2014,YR2014,Sweden,SWE,581964017237.095,60020.3604576572,2.65779827531642,-0.17963849411465,47184.6691338182,7.95349979400635,7.95300006866455
2014,YR2014,Lithuania,LTU,48574531941.9167,16564.9565494076,3.53700987901611,0.103758009433715,28184.3449780521,10.6981000900269,10.6979999542236
2014,YR2014,Norway,NOR,498410050251.256,97019.1827527462,1.9695443007939,2.0417028670721,65892.6892787813,3.48379993438721,3.48399996757507
2014,YR2014,Switzerland,CHE,709182559935.301,86605.5633762421,2.44921805580964,-0.0132291602454955,61902.1624060426,4.82590007781982,4.82600021362305
2014,YR2014,Ukraine,UKR,133503411375.739,3104.64320609541,-6.55263129365765,12.0718562874252,10743.5863638157,9.27000045776367,9.27000045776367
2014,YR2014,Moldova,MDA,9510219299.49557,3328.80144892125,4.99962566891807,5.08878554625878,8827.05410758548,3.85640001296997,3.85599994659424
2014,YR2014,Russian Federation,RUS,2059241965490.83,14095.648742954,0.736267221415574,7.82341183865503,25761.6480209933,5.16009998321533,5.15999984741211
2014,YR2014,Algeria,DZA,213860450595.829,5494.3523360423,3.79999999999998,2.91692692067457,13003.267118909,10.207200050354,10.2069997787476
2014,YR2014,Argentina,ARG,526319673731.638,12334.7982453893,-2.51261532081394,..,19683.7715056442,7.26760005950928,7.26800012588501
2014,YR2014,Bangladesh,BGD,172885454931.453,1118.8536634927,6.06105935877214,6.99163889220854,3367.99552513598,..,4.39499998092651
2014,YR2014,Bolivia,BOL,32996188012.6821,3081.87882321413,5.46056967606722,5.7666007457914,7056.82836431613,2.00650000572205,2.00699996948242
2014,YR2014,Brazil,BRA,2455993625159.37,12112.5882059697,0.503955740242247,6.32904015516142,15718.5656477083,6.66120004653931,6.66099977493286
2014,YR2014,Canada,CAN,1803533209844.65,50893.4467137547,2.87003607545671,1.90663590717873,45753.7505547994,6.9141001701355,6.91400003433228
2014,YR2014,Chile,CHL,260541629960.664,14670.996760602,1.76673978363866,4.71867527854671,22786.6556023986,6.6648998260498,6.66499996185303
2014,YR2014,China,CHN,10475682920594.5,7678.59948587483,7.42576365632598,1.92164341593894,12549.7718312938,4.09999990463257,4.60900020599365
2014,YR2014,Colombia,COL,381112119657.445,8114.3439208516,4.49903000110972,2.89781874427855,13307.4245015783,8.57219982147217,8.57199954986572
2014,YR2014,Cuba,CUB,80656000000,7133.34209494342,1.04757663187654,..,..,2.70000004768372,2.70000004768372
2014,YR2014,Ecuador,ECU,101726331000,6377.09153014217,3.78886854920833,3.58922016616669,11713.1715024724,3.47979998588562,3.48000001907349
2014,YR2014,United States,USA,17527163695000,55064.7445483427,2.52597345040711,1.62222297740821,55064.7445483427,6.16750001907349,6.16800022125244
2014,YR2014,Philippines,PHL,297483553299.658,2959.64845212232,6.34798748260867,3.59782343864207,6960.90064652702,3.59990000724792,3.59999990463257
2014,YR2014,"Gambia, The",GMB,1229460601.92174,607.428404115004,-1.40738249510954,5.94799935696621,2027.03134851532,..,9.36499977111816
2014,YR2014,Ghana,GHA,53660342159.7735,1971.03334675411,2.89743883691538,15.4896160333319,5454.14389253995,..,6.52699995040894
2014,YR2014,Guinea,GIN,8778473614.54728,787.23807021997,3.7074516130114,7.07093309465205,1804.54214982762,..,4.46799993515015
2014,YR2014,Equatorial Guinea,GNQ,21765454404.421,19394.0299929972,0.415066301596866,4.30999866149112,33696.1264123214,..,6.69199991226196
2014,YR2014,Honduras,HND,19756494434.7031,2206.05193412773,3.0580805621437,6.12924930313027,4452.58301911362,7.07760000228882,5.48799991607666
2014,YR2014,India,IND,2039127446298.55,1573.88149211052,7.41022760508854,6.35319454414936,5233.86854281857,..,5.60799980163574
2014,YR2014,Mali,MLI,14364859445.8846,848.274053713997,7.08468388056527,0.883814547137822,1915.30367981381,6.37550020217896,6.375
2014,YR2014,Morocco,MAR,110081248587.369,3171.69919227376,2.66949392694423,0.442310053557051,6609.60910787755,9.69999980926514,9.69999980926514
2014,YR2014,Mauritania,MRT,6592537781.81518,1677.10816613189,4.27482327130284,3.53436856147326,4295.04930350073,..,9.81099987030029
2014,YR2014,Mexico,MEX,1315351183524.54,10928.9168262489,2.84977325490688,4.01861608078673,18056.7911564109,4.80940008163452,4.80900001525879
2014,YR2014,Nicaragua,NIC,11880434070.7811,1934.06323712607,4.78649248722054,6.03596861798431,4941.7005064869,4.51949977874756,4.51900005340576
2014,YR2014,Nigeria,NGA,546676374567.721,3098.98630009568,6.30971865572383,8.06248582444999,5507.17039988995,4.56230020523071,4.56199979782104
2014,YR2014,Pakistan,PAK,244360888750.807,1251.16410422834,4.67470798143725,7.18938402847025,4238.5945208844,1.82679998874664,1.82700002193451
2014,YR2014,Paraguay,PRY,40276532540.8812,6102.94323272326,4.86089037055318,5.02882767456758,11425.6611376997,5.03380012512207,5.03399991989136
2014,YR2014,Peru,PER,200789362451.567,6672.8802554854,2.38215737180541,3.24496304244158,11510.2838491968,2.85130000114441,2.96199989318848
2014,YR2014,Dominican Republic,DOM,67179914026.2773,6608.82810180769,7.05046369004225,2.99864226125217,13475.0164700416,6.71890020370483,6.7189998626709
2014,YR2014,Senegal,SEN,19797254643.1212,1396.65822533925,6.61350010337397,-1.09025507446894,2830.69910610579,..,7.61100006103516
2014,YR2014,Uruguay,URY,57236013087.7063,16831.9729445436,3.2387912285196,8.87735333229828,20093.6536113771,6.54739999771118,6.54699993133545
2014,YR2014,"Venezuela, RB",VEN,482359318767.703,16054.4905130962,-3.89438647450662,62.168649979483,..,..,7.48099994659424
2015,YR2015,Belgium,BEL,462149679343.822,40991.8081381432,2.04145900919961,0.561429152790106,46213.2665340101,8.48200035095215,8.48200035095215
2015,YR2015,Bulgaria,BGR,50647442756.7445,7055.93567291245,3.98985171362301,-0.104633261008417,18348.0245547966,9.14330005645752,9.14299964904785
2015,YR2015,Denmark,DNK,302673070846.857,53254.8563700916,2.34259110757047,0.452034153691623,49058.50140312,6.27790021896362,6.16800022125244
2015,YR2015,Finland,FIN,234440080998.273,42784.6983616432,0.543659211765487,-0.207928839905218,42509.1313083959,9.37590026855469,9.37600040435791
2015,YR2015,France,FRA,2438207896251.84,36638.184929157,1.1129123405747,0.0375143805125363,40860.9112179241,10.3540000915527,10.3590002059937
2015,YR2015,Ireland,IRL,291499812214.551,61995.4228025802,25.1625331003403,-0.289879079012739,69056.0460631432,9.90620040893555,9.9060001373291
2015,YR2015,Italy,ITA,1835899237320.04,30230.2263021296,0.778304350716581,0.0387903996579552,36909.3283742734,11.8959999084473,11.8959999084473
2015,YR2015,Netherlands,NLD,765264949780.999,45175.2318933798,1.95916972105708,0.600248147278775,50302.0677470128,6.87200021743774,6.87200021743774
2015,YR2015,Poland,POL,477811911394.084,12578.4954734362,4.23632630608085,-0.874125874125849,26869.2526970713,7.50099992752075,7.50099992752075
2015,YR2015,Portugal,PRT,199313894327.486,19242.3664710981,1.79204604555983,0.487938623904736,29668.8592004843,12.4443998336792,12.4440002441406
2015,YR2015,United Kingdom,GBR,2928591002002.51,44974.8318771782,2.35552430595799,0.368046842325369,42579.0273438709,5.30030012130737,5.30100011825562
2015,YR2015,Germany,DEU,3356235704119.75,41086.7296737253,1.49193152760772,0.51442053951781,47622.572209035,4.62419986724854,4.62400007247925
2015,YR2015,Romania,ROU,177729210874.504,8969.14892146193,2.95367403735953,-0.594156437495137,21611.5263053475,6.81180000305176,6.81199979782104
2015,YR2015,Sweden,SWE,505103781349.757,51545.4836095322,4.48928158790491,-0.0467847449832651,49116.3078392604,7.43160009384155,7.43200016021729
2015,YR2015,Lithuania,LTU,41418872976.1196,14258.2293345128,2.02458395469182,-0.884097405500613,28842.2550889875,9.11999988555908,9.11999988555908
2015,YR2015,Norway,NOR,385801550067.169,74355.5158575643,1.96712843821408,2.17113665389528,60385.1167632081,4.29589986801147,4.2960000038147
2015,YR2015,Switzerland,CHE,679832292004.984,82081.5971616165,1.3333691753042,-1.14390064437645,63938.9800050466,4.80070018768311,4.80100011825562
2015,YR2015,Ukraine,UKR,91030959454.6961,2124.6623187838,-9.77296079067543,48.6998646434423,10164.3273340852,9.14000034332275,9.14000034332275
2015,YR2015,Moldova,MDA,7745231660.33425,2732.45711293733,-0.338235324459944,9.67624033101862,9254.84860512976,3.69420003890991,3.69400000572205
2015,YR2015,Russian Federation,RUS,1363481063446.77,9313.01362484996,-1.97271922637542,15.5344050528404,24085.3241847947,5.57089996337891,5.57100009918213
2015,YR2015,Algeria,DZA,166361491140.753,4187.50972747204,3.70000000000022,4.78444700693894,12015.6313951015,11.2061004638672,11.206000328064
2015,YR2015,Argentina,ARG,594749285413.212,13789.060424772,2.73115982828944,..,20105.1989918165,..,7.75
2015,YR2015,Bangladesh,BGD,195078678697.23,1248.45339778371,6.55263987879651,6.19428022984988,3555.50551000354,..,4.37799978256226
2015,YR2015,Bolivia,BOL,33000198248.3362,3035.97221350817,4.85718723248496,4.05961041135646,7133.87445757502,3.06599998474121,3.06599998474121
2015,YR2015,Brazil,BRA,1802214373741.32,8814.00098681261,-3.54576339269425,9.02990102416129,14744.1129133865,8.4266996383667,8.42700004577637
2015,YR2015,Canada,CAN,1556129524418.21,43585.5119817751,0.659176863558869,1.12524136094279,44671.4406809074,6.9064998626709,6.9060001373291
2015,YR2015,Chile,CHL,243919085308.936,13574.171830724,2.30376703612392,4.3487735321705,22688.010028137,6.50759983062744,6.50799989700317
2015,YR2015,China,CHN,11061553079876.4,8066.94263493557,7.04132887877194,1.4370245139476,12978.7689105711,..,4.62900018692017
2015,YR2015,Colombia,COL,293481748240.779,6175.87602970259,2.95590137527523,4.99023427513779,13265.7972569151,8.29899978637695,8.29899978637695
2015,YR2015,Cuba,CUB,87133000000,7694.01191952409,4.43814195922121,..,..,2.40000009536743,2.40000009536743
2015,YR2015,Ecuador,ECU,99290381000,6124.49164262072,0.0988726083462694,3.96664623255354,11060.2876329825,3.61570000648499,3.6159999370575
2015,YR2015,United States,USA,18224704440000,56839.3817742317,2.90802186128343,0.118627135552435,56839.3817742317,5.28000020980835,5.28000020980835
2015,YR2015,Philippines,PHL,306445871632.259,3001.04037107616,6.34830971672761,0.674192536845412,7186.76885818115,3.06789994239807,3.06800007820129
2015,YR2015,"Gambia, The",GMB,1378176868.31568,660.723571244322,4.0580738039996,6.80845494579614,2066.85935860117,..,9.3129997253418
2015,YR2015,Ghana,GHA,48564863888.4402,1743.8509964087,2.1782067443939,17.1499695007877,5117.33709503396,6.80620002746582,6.80600023269653
2015,YR2015,Guinea,GIN,8794202443.67366,769.256013746016,3.81494988965694,10.8218083471633,1819.36361591164,..,4.43400001525879
2015,YR2015,Equatorial Guinea,GNQ,13185496836.4124,11283.46560612,-9.11004114881537,1.67663085315985,24042.4970922993,..,6.64400005340576
2015,YR2015,Honduras,HND,20979767785.2104,2302.20137936204,3.84007997093951,3.15783117980921,4823.38904401862,6.14729976654053,6.14699983596802
2015,YR2015,India,IND,2103587817041.78,1605.60543355488,7.99625344413879,5.87242659466756,5464.85914051525,..,5.56500005722046
2015,YR2015,Mali,MLI,13104802016.2041,751.474788898858,6.17180002424978,1.45069057605958,2032.65517252286,7.72919988632202,7.72900009155273
2015,YR2015,Morocco,MAR,101179808076.36,2875.25798516781,4.53637816806425,1.55790711346269,7024.96308902663,9.46000003814697,9.46000003814697
2015,YR2015,Mauritania,MRT,6166857628.62212,1524.07288252212,5.37633923694936,3.23770308329082,4200.15567733531,..,9.75800037384033
2015,YR2015,Mexico,MEX,1171867608197.72,9616.64500568952,3.29315152833387,2.7206406496403,18305.2362591252,4.31269979476929,4.31300020217896
2015,YR2015,Nicaragua,NIC,12756706583.3113,2049.84968976149,4.79205676554646,3.99737996694398,5293.86535827408,4.69999980926514,4.69999980926514
2015,YR2015,Nigeria,NGA,486803295097.89,2687.48014545225,2.65269329541835,9.00938718326781,5426.33296706488,4.31099987030029,4.31099987030029
2015,YR2015,Pakistan,PAK,270556131701.171,1356.66775582649,4.73114747532901,2.52932817254226,4373.01423367533,3.56590008735657,3.56599998474121
2015,YR2015,Paraguay,PRY,36164068797.2511,5406.70385708338,3.08037400793093,3.12900274473924,11471.4942285323,4.55579996109009,4.55600023269653
2015,YR2015,Peru,PER,189805300841.603,6229.10169612596,3.25224477218451,3.54928804947929,11572.3226921141,2.91490006446838,3
2015,YR2015,Dominican Republic,DOM,71164825257.7372,6921.51722848184,6.92701877449913,0.836746346724576,14740.8196991498,7.60540008544922,7.60500001907349
2015,YR2015,Senegal,SEN,17774766636.0459,1219.24866243037,6.36704365066983,0.135211933635241,2971.3449826389,6.75740003585815,6.75699996948242
2015,YR2015,Uruguay,URY,53274304222.1829,15613.7642726566,0.37074125634264,8.66626987079337,20217.5841382315,7.48789978027344,7.48799991607666
2015,YR2015,"Venezuela, RB",VEN,..,..,..,121.738085297504,..,..,7.44000005722046
2016,YR2016,Belgium,BEL,475739588764.759,41984.1030335609,1.26668640902095,1.97385264653172,48592.4848069059,7.82969999313354,7.82999992370605
2016,YR2016,Bulgaria,BGR,53806894796.3801,7548.85500737534,3.82043453021177,-0.798749090253956,19893.8583514201,7.57460021972656,7.57499980926514
2016,YR2016,Denmark,DNK,313115929314.339,54663.9983719195,3.24595698524399,0.249999999999997,51970.7498002047,5.98859977722168,6.18100023269653
2016,YR2016,Finland,FIN,240607907010.383,43784.2839622098,2.81145776663433,0.356684500891696,44929.9087769937,8.81840038299561,8.81799983978271
2016,YR2016,France,FRA,2471285607081.72,37037.3741861219,1.09546440372048,0.183334861123848,42920.2668185606,10.038800239563,10.0570001602173
2016,YR2016,Ireland,IRL,300523297823.576,63197.0823976808,3.67781580955584,0.00830633773569926,71921.7170754105,8.37390041351318,8.37399959564209
2016,YR2016,Italy,ITA,1875797463583.87,30939.7142462298,1.29346273155907,-0.0940166569157271,39922.9084837436,11.6881999969482,11.6879997253418
2016,YR2016,Netherlands,NLD,783528181704.567,46007.8529206547,2.19171371926123,0.316666666666663,52283.156849093,6.00629997253418,6.00600004196167
2016,YR2016,Poland,POL,472630364208.177,12447.4395912808,3.14173122907013,-0.664767331434023,28319.2470133041,6.16079998016357,6.16099977493286
2016,YR2016,Portugal,PRT,206286022781.894,19978.401214968,2.01948539561312,0.607397074641661,31604.5463111482,11.0662002563477,11.0659999847412
2016,YR2016,United Kingdom,GBR,2694283209613.29,41064.1334316223,1.91815513204681,1.00841736811403,44145.576463153,4.80970001220703,4.81300020217896
2016,YR2016,Germany,DEU,3467498002104.33,42107.5172703074,2.22999986782015,0.49174862477081,50574.5767986754,4.1217999458313,4.12200021743774
2016,YR2016,Romania,ROU,188128818486.401,9548.58740298268,4.70299774749441,-1.54479666813904,24118.9172018848,5.90140008926392,5.90100002288818
2016,YR2016,Sweden,SWE,515654671469.547,51965.1571531985,2.07059315052096,0.984269244577978,50425.1546275414,6.98999977111816,6.98999977111816
2016,YR2016,Lithuania,LTU,43018087237.5741,14998.1250595137,2.51882827307178,0.905525075460439,30922.1381608704,7.86210012435913,7.86199998855591
2016,YR2016,Norway,NOR,368819929542.194,70459.1825041029,1.07155897720727,3.55000000000002,58933.9557759465,4.67889976501465,4.67899990081787
2016,YR2016,Switzerland,CHE,671309197478.183,80172.2320869148,1.72274067016851,-0.434607638542948,65720.146539051,4.91790008544922,4.91800022125244
2016,YR2016,Ukraine,UKR,93355993628.5042,2187.73050991433,2.23506761905661,13.9127101997796,11148.196546631,9.35000038146973,9.35000038146973
2016,YR2016,Moldova,MDA,8071480540.86068,2880.43928129296,4.40888672378215,6.35930898037936,10610.4778427993,4.18499994277954,4.18499994277954
2016,YR2016,Russian Federation,RUS,1276786979221.81,8704.89841329594,0.193690071729534,7.04244762954798,24125.3988633755,5.5588002204895,5.55900001525879
2016,YR2016,Algeria,DZA,159994837855.12,3945.48208133854,3.19999999999973,6.39769480268749,11624.3389888436,10.2024002075195,10.2019996643066
2016,YR2016,Argentina,ARG,557531376217.967,12790.2424732447,-2.08032784377811,..,20307.870052142,..,7.97700023651123
2016,YR2016,Bangladesh,BGD,221415188000.475,1401.62062821515,7.11347821327269,5.5135257269299,3849.11143113288,4.34999990463257,4.34999990463257
2016,YR2016,Bolivia,BOL,33941126200.0606,3076.65894989886,4.26392083751466,3.62321431764138,7499.77885938035,3.49810004234314,3.52500009536743
2016,YR2016,Brazil,BRA,1795700168991.49,8710.09668954121,-3.27591690782192,8.73914352329393,14256.1632471211,11.5999002456665,11.6000003814697
2016,YR2016,Canada,CAN,1528243213982.08,42322.4847803038,1.00139441390405,1.4287595470108,46480.4653626012,6.99889993667603,6.99900007247925
2016,YR2016,Chile,CHL,250440136356.127,13753.5944374598,1.71108928867399,3.78619355893115,22710.0170647296,6.73820018768311,6.73799991607666
2016,YR2016,China,CHN,11233276536737.2,8147.93770548839,6.84876220493844,2.00000000000002,13572.6199886903,..,4.53499984741211
2016,YR2016,Colombia,COL,282825009887.458,5870.77795724164,2.08738250162794,7.51429322788323,13951.077326709,8.69180011749268,8.69200038909912
2016,YR2016,Cuba,CUB,91370000000,8060.79588647979,0.513761467889907,..,..,2,2
2016,YR2016,Ecuador,ECU,99937696000,6060.09332904416,-1.22638398463879,1.72826463324535,11034.2698481839,4.59700012207031,4.59700012207031
2016,YR2016,United States,USA,18714960538000,57951.5840820997,1.63783845703892,1.26158320570537,57951.5840820997,4.86920022964478,4.86899995803833
2016,YR2016,Philippines,PHL,318627003966.055,3073.653614975,7.14945675000752,1.25369880080983,7703.75372907458,2.68889999389648,2.70799994468689
2016,YR2016,"Gambia, The",GMB,1484579844.37143,690.778886042938,1.94335965478776,7.22879272057922,2068.74298831129,..,9.24899959564209
2016,YR2016,Ghana,GHA,55009730600.0307,1931.38947036943,3.44779299129725,17.4546347070867,4890.01896330611,..,5.44999980926514
2016,YR2016,Guinea,GIN,8595955581.21787,732.291075213299,10.8288068402291,8.17211696321603,2078.63976365888,..,4.39200019836426
2016,YR2016,Equatorial Guinea,GNQ,11240809132.4145,9250.33195308226,-8.81641723219757,1.41193915479014,20458.8122673241,..,6.58500003814697
2016,YR2016,Honduras,HND,21717622071.3816,2342.58465119568,3.89297219726413,2.72461223295292,5147.24457804604,6.72709989547729,6.72700023651123
2016,YR2016,India,IND,2294797978291.98,1732.56426178428,8.2563058441893,4.94102645839974,5839.8985890506,..,5.51100015640259
2016,YR2016,Mali,MLI,14025944550.3788,780.718598502648,5.85229919941415,-1.79964707083376,2189.008936776,1.36699998378754,7.55299997329712
2016,YR2016,Morocco,MAR,103311649248.024,2896.72000268117,1.05985639008179,1.63531114327061,7112.99921500707,9.30000019073486,9.30000019073486
2016,YR2016,Mauritania,MRT,6398744505.08129,1536.85414964338,1.26090922448303,1.48600676958638,4700.10400463426,..,9.69200038909912
2016,YR2016,Mexico,MEX,1078490651625.31,8744.51577183222,2.63053242455089,2.82170784747653,19324.7760322117,3.85899996757507,3.85899996757507
2016,YR2016,Nicaragua,NIC,13286083644.8761,2107.5727223615,4.56292760915053,3.52317317628476,5694.05067441438,3.90000009536743,3.90000009536743
2016,YR2016,Nigeria,NGA,404650006428.613,2176.00224545044,-1.61686894991816,15.6753405526234,5234.67786018564,7.05989980697632,7.05999994277954
2016,YR2016,Pakistan,PAK,278654637737.69,1368.45432627629,5.52673584474448,3.76511916356584,4410.09475326007,..,3.78900003433228
2016,YR2016,Paraguay,PRY,36054281572.3981,5319.41021789703,4.31290497002365,4.08682280577242,12029.9662264768,5.25460004806519,5.25500011444092
2016,YR2016,Peru,PER,191895943823.887,6204.99726003927,3.95331871520767,3.59211324147449,12013.3789435213,3.37890005111694,3.53500008583069
2016,YR2016,Dominican Republic,DOM,75704720189.6204,7280.88010923336,6.65920026162614,1.6141660724522,16109.8559243457,7.28350019454956,7.28299999237061
2016,YR2016,Senegal,SEN,19040312815.1337,1269.90210810516,6.35606857181878,0.837284942557418,3075.93447930116,..,6.70599985122681
2016,YR2016,Uruguay,URY,52687612262.177,15387.14403013,1.68979816160051,9.63941347635073,20669.8123564851,7.84060001373291,7.84100008010864
2016,YR2016,"Venezuela, RB",VEN,..,..,..,254.948534781815,..,..,7.3899998664856
2017,YR2017,Belgium,BEL,502698069366.942,44192.6230270333,1.60808683450885,2.12597086002609,50615.3658313943,7.08620023727417,7.08599996566772
2017,YR2017,Bulgaria,BGR,58971520599.2509,8334.08172775332,3.50275153013627,2.06435506312528,21370.7826591284,6.16440010070801,6.16400003433228
2017,YR2017,Denmark,DNK,332121063806.391,57610.0981801136,2.82173634129026,1.14713216957606,55516.9052704844,5.83309984207153,5.74300003051758
2017,YR2017,Finland,FIN,255232257243.53,46336.6632530127,3.27017227416624,0.754015047084413,47501.6323716501,8.64019966125488,8.64000034332275
2017,YR2017,France,FRA,2595151045197.65,38812.1610341682,2.29141999417021,1.03228275064674,44826.5074739039,9.40489959716797,9.39700031280518
2017,YR2017,Ireland,IRL,335663113507.851,69822.3470849141,8.14529626312184,0.340531561461793,78128.1814790092,6.71239995956421,6.71199989318848
2017,YR2017,Italy,ITA,1961796197354.36,32406.7203150134,1.66785904106857,1.22653316645808,41784.6247136637,11.210599899292,11.2110004425049
2017,YR2017,Netherlands,NLD,833869641687.06,48675.2223350213,2.91090251315005,1.3814587140721,55347.9123930263,4.83860015869141,4.83900022506714
2017,YR2017,Poland,POL,526508877305.321,13864.6817579973,4.83065457036179,2.07593553673862,30160.0775937684,4.88740015029907,4.88700008392334
2017,YR2017,Portugal,PRT,221357874718.93,21490.429863104,3.50634473938494,1.36861411643481,33086.0967739012,8.86699962615967,8.86699962615967
2017,YR2017,United Kingdom,GBR,2666229179958.01,40361.4173832159,1.89207700716807,2.55775577557754,45910.285027946,4.32999992370605,4.33500003814697
2017,YR2017,Germany,DEU,3682602479929.42,44552.8193719078,2.60197600462604,1.50949655801608,53254.6918650206,3.74550008773804,3.74600005149841
2017,YR2017,Romania,ROU,211695422578.655,10807.7953907179,7.31944852925453,1.33902121104396,27191.6686640868,4.92689990997314,4.92700004577637
2017,YR2017,Sweden,SWE,541018749769.097,53791.5087298403,2.56792452526476,1.79449904665596,52739.0113876719,6.71829986572266,6.71799993515015
2017,YR2017,Lithuania,LTU,47758736931.7801,16885.4073948373,4.28259695120761,3.72288862303693,33826.7404633535,7.07320022583008,7.07299995422363
2017,YR2017,Norway,NOR,398393955268.99,75496.7540581998,2.3232584068849,1.87510059552548,62940.5874986548,4.16209983825684,4.16200017929077
2017,YR2017,Switzerland,CHE,679950481622.843,80449.9945127739,1.79940884956473,0.533795988132759,67139.0498816081,4.79670000076294,4.79699993133545
2017,YR2017,Ukraine,UKR,112190355158.178,2640.67567655839,2.46603562470679,14.4383227488749,11871.1236240918,9.5,9.51000022888184
2017,YR2017,Moldova,MDA,9669759987.02633,3509.69345025814,4.69079339018722,6.57022997455603,11651.3174546862,4.09759998321533,4.09800004959106
2017,YR2017,Russian Federation,RUS,1574199387070.9,10720.3325853448,1.82579006355112,3.68332944412231,26005.979940469,5.21229982376099,5.21199989318848
2017,YR2017,Algeria,DZA,170163165960.516,4111.29411013269,1.29999999999994,5.59111590961673,11737.4093527549,13.5699996948242,11.996000289917
2017,YR2017,Argentina,ARG,643628665302.668,14613.0418246696,2.81850297245272,..,23597.1177528578,8.34739971160889,8.34700012207031
2017,YR2017,Bangladesh,BGD,249711027660.253,1563.91369862485,7.28417442269364,5.70207015717245,4161.08971339052,4.37230014801025,4.37200021743774
2017,YR2017,Bolivia,BOL,37508642165.3366,3351.1240444427,4.1952063010676,2.8227580554717,8423.69680584065,3.65459990501404,3.67000007629395
2017,YR2017,Brazil,BRA,2062831045935.95,9925.38623770041,1.32286905404399,3.44637335032672,14519.8491302518,12.8224000930786,12.8219995498657
2017,YR2017,Canada,CAN,1649878054226.82,45148.5527061655,3.17072989658753,1.5968841285297,48633.829775434,6.33970022201538,6.34000015258789
2017,YR2017,Chile,CHL,277044950259.009,14999.3700885512,1.18857258229855,2.18271846868523,23663.8852921125,6.95809984207153,6.95800018310547
2017,YR2017,China,CHN,12310409370892.8,8879.43866711346,6.94720079330668,1.59313725490194,14344.4212394407,3.90000009536743,4.44099998474121
2017,YR2017,Colombia,COL,311883730690.129,6376.70671552601,1.35936086788746,4.3121410323773,14313.9163862091,8.8725004196167,8.87199974060059
2017,YR2017,Cuba,CUB,96851000000,8541.2106734664,1.80905439941586,..,..,1.70000004768372,1.70000004768372
2017,YR2017,Ecuador,ECU,104295862000,6213.50127649921,2.36838652633651,0.417335588666803,11617.9087583298,3.83619999885559,3.83599996566772
2017,YR2017,United States,USA,19519353692000,60062.2223132211,2.36980078440416,2.13011000365963,60062.2223132215,4.35519981384277,4.35500001907349
2017,YR2017,Philippines,PHL,328480738147.216,3123.23422944462,6.9309883258402,2.85318772590942,8120.84230882854,2.5518000125885,2.55200004577637
2017,YR2017,"Gambia, The",GMB,1504909753.28746,679.756913965828,4.8226112492757,8.0341897454591,2072.6524500401,..,9.13599967956543
2017,YR2017,Ghana,GHA,58998132329.6173,2025.93242386751,8.14344654879852,12.3719215507048,4996.63870607304,4.22279977798462,4.22300004959106
2017,YR2017,Guinea,GIN,10324668266.5921,855.573639877367,10.2999072221352,8.91452597036354,2417.79918672692,..,4.31799983978271
2017,YR2017,Equatorial Guinea,GNQ,12200914929.5961,9667.91225173046,-5.66750295652729,0.745599218497516,22551.083245578,..,6.48299980163574
2017,YR2017,Honduras,HND,23136232229.6069,2453.72789597457,4.84291391050387,3.93436084442035,5561.9963118339,5.5278000831604,5.52799987792969
2017,YR2017,India,IND,2652754685834.59,1981.6510498992,7.04382085537057,2.49088699878493,6185.99389258543,..,5.41900014877319
2017,YR2017,Mali,MLI,15365627045.0866,830.018367429228,5.30545608438166,1.75985742927153,2246.80166869684,7.41440010070801,7.32999992370605
2017,YR2017,Morocco,MAR,109682728023.112,3036.32525487301,4.24894920814332,0.754663249323633,7314.15448711835,..,9.1870002746582
2017,YR2017,Mauritania,MRT,6758390728.71734,1578.11417355949,3.49717500591493,2.27503457252097,5077.19547171931,10.3359003067017,9.57699966430664
2017,YR2017,Mexico,MEX,1158913035796.37,9287.84973619382,2.11312913549695,6.04145724018992,19815.9911143669,3.41960000991821,3.42000007629395
2017,YR2017,Nicaragua,NIC,13785909906.1925,2159.157867515,4.63082155203914,3.85067166284725,6004.01729603435,3.29999995231628,3.29999995231628
2017,YR2017,Nigeria,NGA,375746469538.666,1968.56473841262,0.805886619542704,16.5235399802169,5190.35438635709,8.38850021362305,8.38899993896484
2017,YR2017,Pakistan,PAK,304567253219.097,1464.99330546855,5.55427743729406,4.08537368032604,4571.41449087153,..,3.9449999332428
2017,YR2017,Paraguay,PRY,39008900331.6733,5680.58076826353,4.95377197900746,3.60247741348942,12594.3414272626,4.61460018157959,4.61499977111816
2017,YR2017,Peru,PER,211007207483.515,6710.50802896038,2.51883544233135,2.80283916977831,12506.5301705306,3.34870004653931,3.46000003814697
2017,YR2017,Dominican Republic,DOM,79997975622.7604,7609.33879952227,4.66670467622792,3.27955694678548,16735.3325859465,5.83169984817505,5.83199977874756
2017,YR2017,Senegal,SEN,20996564751.5994,1361.69958778497,7.4074861863013,1.31815314847782,3203.9007579397,..,6.61499977111816
2017,YR2017,Uruguay,URY,59530088537.3307,17322.1473894404,2.59133869196167,6.21809382561863,21324.8460031305,7.88959980010986,7.8899998664856
2017,YR2017,"Venezuela, RB",VEN,..,..,..,..,..,..,7.30200004577637
2018,YR2018,Belgium,BEL,543734366831.215,47583.0749405066,1.81229599862863,2.05316499865181,52350.5179262208,5.94820022583008,5.94799995422363
2018,YR2018,Bulgaria,BGR,66230155099.5775,9427.73043039881,3.09244765360886,2.81186840582685,22611.4091508938,5.21140003204346,5.21099996566772
2018,YR2018,Denmark,DNK,356879499797.896,61598.5367043936,2.17564638865319,0.813609467455633,57412.1244917752,5.13119983673096,4.97499990463257
2018,YR2018,Finland,FIN,275946554578.823,50030.8773106501,1.51758861140196,1.08382098409299,49382.6460075174,7.36119985580444,7.36100006103516
2018,YR2018,France,FRA,2787863958885.49,41631.0907389044,1.79286392711333,1.85081508315494,46605.1863431702,9.01650047302246,9.05900001525879
2018,YR2018,Ireland,IRL,382674360648.245,78621.2279310086,8.16987071841437,0.488370168032449,84459.6516108766,5.74049997329712,5.73999977111816
2018,YR2018,Italy,ITA,2091544955092.31,34615.7568910987,0.944089468582305,1.13748763600395,42934.8672209956,10.6099996566772,10.6099996566772
2018,YR2018,Netherlands,NLD,914043438179.607,53044.5324352253,2.36091509478513,1.70349794744475,57561.3303213623,3.83049988746643,3.82999992370605
2018,YR2018,Poland,POL,587411745161.558,15468.4822194105,5.353704746044,1.81295156542681,31850.5478924484,3.84549999237061,3.84500002861023
2018,YR2018,Portugal,PRT,242313116577.967,23562.5545228191,2.84932594937632,0.99371568346825,34488.5217101847,6.99340009689331,6.99300003051758
2018,YR2018,United Kingdom,GBR,2860667727551.97,43043.2278164551,1.34072060244353,2.29283990345939,46901.0698597262,3.99589991569519,3.99600005149841
2018,YR2018,Germany,DEU,3963767526250.98,47810.5076706348,1.26799523225071,1.73216766075662,54652.9785652742,3.38350009918213,3.3840000629425
2018,YR2018,Romania,ROU,241457403085.042,12399.889335731,4.47452377497343,4.62548443137781,29193.3420140484,4.18690013885498,4.18699979782104
2018,YR2018,Sweden,SWE,555455371487.089,54589.0603860606,1.95002284569983,1.95353530127029,53746.7991694027,6.3649001121521,6.34600019454956
2018,YR2018,Lithuania,LTU,53722883091.3513,19176.1765182085,3.9368459012309,2.69792779208397,36011.3151965117,6.14709997177124,6.14699983596802
2018,YR2018,Norway,NOR,434166615431.909,81734.4655736102,1.28954820126177,2.76483134528794,67640.1813801458,3.79970002174377,3.79999995231628
2018,YR2018,Switzerland,CHE,705140620046.7,82818.1081617471,2.75055377478878,0.936313303085696,69357.4860551593,4.7133002281189,4.71299982070923
2018,YR2018,Ukraine,UKR,130901858421.72,3096.81740221352,3.40529852208769,10.9518559353179,12629.1416610826,8.79940032958984,8.79899978637695
2018,YR2018,Moldova,MDA,11456717193.2501,4233.74343674119,4.30147772232226,3.04505397337069,12674.4455300473,4.11269998550415,2.9779999256134
2018,YR2018,Russian Federation,RUS,1669583089322.96,11370.8134559314,2.53633130140389,2.87829723647886,28763.5166314767,4.84590005874634,4.84600019454956
2018,YR2018,Algeria,DZA,175405660377.358,4153.73397805915,1.2000000000002,4.26999020467078,11925.7985636431,..,11.8819999694824
2018,YR2018,Argentina,ARG,517626700412.718,11633.4980086465,-2.56535187644216,..,23313.8179401811,9.22049999237061,9.22000026702881
2018,YR2018,Bangladesh,BGD,274039092455.306,1698.35039428122,7.86374303036237,5.5436213948647,4549.61764626729,..,4.2810001373291
2018,YR2018,Bolivia,BOL,40287647930.4761,3548.59015508448,4.22362351118875,2.27205987230148,8866.37883394526,3.51859998703003,3.53399991989136
2018,YR2018,Brazil,BRA,1885482534238.33,9001.23424863499,1.31722399870793,3.66485028376724,14951.8109956354,12.3338003158569,12.3339996337891
2018,YR2018,Canada,CAN,1716262621082.22,46313.1713712961,2.01363918733426,2.268225672481,50077.7962363282,5.83080005645752,5.83099985122681
2018,YR2018,Chile,CHL,298258019275.049,15924.7942393064,3.94932089095181,2.43488981353058,24765.2345896396,7.23309993743896,7.23299980163574
2018,YR2018,China,CHN,13894817549374.2,9976.67713725865,6.74977383254181,2.07478890229193,15614.3052820791,3.79999995231628,4.27600002288818
2018,YR2018,Colombia,COL,333568923004.469,6716.91159778134,2.5153244557176,3.24023413752975,14962.1672216513,9.11069965362549,9.11100006103516
2018,YR2018,Cuba,CUB,100023000000,8821.81889125004,2.24848039303581,..,..,1.70000004768372,1.70000004768372
2018,YR2018,Ecuador,ECU,107562008000,6295.93539868079,1.28929193290502,-0.224103246005465,11843.3936365093,3.52959990501404,3.52999997138977
2018,YR2018,United States,USA,20580159776000,62996.4712852605,2.92732573232968,2.44258329692818,62996.4712852608,3.89560008049011,3.89599990844727
2018,YR2018,Philippines,PHL,346841896890.281,3252.09232413346,6.34148557153473,5.21160460595185,8723.54660904515,2.33839988708496,2.33800005912781
2018,YR2018,"Gambia, The",GMB,1670670668.5939,732.717513775219,7.23489033258579,6.52096823946572,2210.63867300666,10.1648998260498,9.02700042724609
2018,YR2018,Ghana,GHA,65556464048.1539,2202.31216442504,6.26348073195742,7.80876516610708,5320.97563352151,..,4.15700006484985
2018,YR2018,Guinea,GIN,10907214993.5687,878.599613250501,6.1997746873985,9.82600180777342,2556.77368136728,..,4.24700021743774
2018,YR2018,Equatorial Guinea,GNQ,13278488567.3058,10144.1958108456,-6.3563391129224,1.34988438751676,20855.8113579151,..,6.38299989700317
2018,YR2018,Honduras,HND,24024189735.8876,2505.7767518956,3.69672956910365,4.34734937777536,5810.4295077939,5.64830017089844,5.64799976348877
2018,YR2018,India,IND,2713165057513.35,2005.86300452403,6.11958684136602,4.86069946650859,6655.06986000407,5.32969999313354,5.32999992370605
2018,YR2018,Mali,MLI,17070758732.1991,894.802186858006,4.74648432724561,0.299546507387888,2339.34141732379,1.61989998817444,7.1100001335144
2018,YR2018,Morocco,MAR,118096227400.092,3222.20063433213,3.14850265040512,1.91295940503111,7613.14286811515,..,9.07800006866455
2018,YR2018,Mauritania,MRT,7049169770.86399,1600.87646860561,2.11526763746781,3.04891482875157,5165.25670676642,..,9.46399974822998
2018,YR2018,Mexico,MEX,1222348807283.2,9686.51378326598,2.19499204896051,4.89935015356549,20424.0360687307,3.28290009498596,3.28299999237061
2018,YR2018,Nicaragua,NIC,13063904770.3561,2020.55192996381,-3.9498638070627,4.94723728039882,5833.65294803491,5.19999980926514,5.19999980926514
2018,YR2018,Nigeria,NGA,397190484464.308,2027.77797925505,1.92275734157302,12.0947315505318,5280.65225985326,..,8.24300003051758
2018,YR2018,Pakistan,PAK,314567541558.339,1482.30566684338,5.83641749754401,5.07805725868917,4855.22966625928,4.08319997787476,4.08300018310547
2018,YR2018,Paraguay,PRY,40384691790.5685,5805.67561638869,3.3561721532668,3.97561015740689,13163.5025265888,6.2172999382019,4.53399991989136
2018,YR2018,Peru,PER,222044970486.217,6941.23584763012,3.97693571755005,1.31764765937395,13093.7552597423,3.10689997673035,3.39000010490417
2018,YR2018,Dominican Republic,DOM,85555378043.7999,8050.63044036673,6.98252758438238,3.56443426013508,18143.2244783874,5.86129999160767,5.73899984359741
2018,YR2018,Senegal,SEN,23236007428.2582,1465.59100640191,6.37955658364903,0.46098564246427,3395.53393124912,..,6.52699995040894
2018,YR2018,Uruguay,URY,59596885024.3487,17277.9701105496,1.62008362892945,7.60653360377044,22116.7865960742,8.33580017089844,8.33600044250488
2018,YR2018,"Venezuela, RB",VEN,..,..,..,..,..,..,7.21700000762939
2019,YR2019,Belgium,BEL,533097455834.509,46420.6637668061,1.7438195246211,1.43681956996435,54904.6690546729,5.35970020294189,5.58900022506714
2019,YR2019,Bulgaria,BGR,68558815111.6199,9828.14851478139,3.694308379839,3.10372944796774,24789.570010881,4.22989988327026,4.34000015258789
2019,YR2019,Denmark,DNK,350104327658.675,60170.3426365069,2.8495144411967,0.758131572511619,60178.4508442379,5.0177001953125,4.91300010681152
2019,YR2019,Finland,FIN,269296310180.392,48782.7884755091,1.1455357025294,1.02409392963429,51426.0201338899,6.69469976425171,6.59499979019165
2019,YR2019,France,FRA,2715518274227.45,40493.9285720456,1.50859403033795,1.10825492288292,49435.179939609,8.44340038299561,8.42700004577637
2019,YR2019,Ireland,IRL,388698711348.156,78660.9564629603,5.54976718213716,0.939044481054341,88240.9010288549,4.94920015335083,4.92799997329712
2019,YR2019,Italy,ITA,2003576145498.04,33228.2366803707,0.342718996631092,0.611246943765291,44248.1889586587,9.95139980316162,9.88700008392334
2019,YR2019,Netherlands,NLD,907050863145.097,52331.3167277797,1.67741836780002,2.63369910249593,59554.2352239724,3.3798999786377,3.19600009918213
2019,YR2019,Poland,POL,595858207011.512,15692.5070255563,4.54091951432764,2.227478809383,34431.1591672725,3.27729988098145,3.47399997711182
2019,YR2019,Portugal,PRT,238785085030.988,23252.0585181211,2.23597655505208,0.338178410046125,36639.3394888598,6.46299982070923,6.33400011062622
2019,YR2019,United Kingdom,GBR,2829108219165.8,42330.117537005,1.46265820190786,1.73810460086511,48698.1333800749,3.73720002174377,3.8510000705719
2019,YR2019,Germany,DEU,3861123558039.21,46445.2491012508,0.555450887945668,1.4456670146976,56278.2497547861,3.13910007476807,3.04299998283386
2019,YR2019,Romania,ROU,250077444017.084,12919.5296441908,4.15262741240312,3.82785432599428,32297.3033740157,3.91170001029968,3.9760000705719
2019,YR2019,Sweden,SWE,530883869004.977,51615.0206514946,1.26098005513558,1.78415097403832,55819.8708791135,6.83260011672974,6.47599983215332
2019,YR2019,Lithuania,LTU,54627411860.4705,19601.8908343885,4.33886103349596,2.33450937988024,38501.8364355288,6.25519990921021,6.35200023651123
2019,YR2019,Norway,NOR,403336363636.364,75419.6348688089,1.15472193916453,2.16773003305405,66831.8688310396,3.68720006942749,3.34599995613098
2019,YR2019,Switzerland,CHE,703082435158.864,81993.72712595,0.928832411662611,0.362916004520384,70989.2581058374,4.39410018920898,4.58099985122681
2019,YR2019,Ukraine,UKR,153781069118.148,3659.03131229487,3.23349118845559,7.8867174561113,13341.2105189612,8.1943998336792,8.88199996948242
2019,YR2019,Moldova,MDA,11968713370.4969,4503.51698538847,3.58048425375992,4.83778351428721,13626.9862509039,5.09899997711182,5.47300004959106
2019,YR2019,Russian Federation,RUS,1699876578871.35,11584.9953826104,1.34187544067058,4.47036660760175,29181.3632177676,4.49569988250732,4.58500003814697
2019,YR2019,Algeria,DZA,171091289782.245,3973.96407191565,0.799999999999784,1.95176821052894,12019.9283559331,..,11.7040004730225
2019,YR2019,Argentina,ARG,445445177459.426,9912.28180859803,-2.08801486381233,..,23040.2879526544,9.84270000457764,9.78899955749512
2019,YR2019,Bangladesh,BGD,302571254131.135,1855.73982408046,8.15268494677524,5.59199639930633,4964.09138891893,..,4.19000005722046
2019,YR2019,Bolivia,BOL,40895322843.7851,3552.0687602631,2.21670577750376,1.83954504969032,9110.55582043167,3.82170009613037,3.49799990653992
2019,YR2019,Brazil,BRA,1839758040765.62,8717.18627810819,1.13658557200958,3.73297621216894,15299.9872589341,11.9333000183105,12.0830001831055
2019,YR2019,Canada,CAN,1736425629519.96,46194.7252255167,1.65604084498516,1.94926902411596,51341.7051667877,5.66260004043579,5.56400012969971
2019,YR2019,Chile,CHL,282318159744.65,14896.4538665789,1.05444255073994,2.55754475703323,25154.9928229185,7.29029989242554,7.09000015258789
2019,YR2019,China,CHN,14342903006431.3,10261.6792453621,6.11011828768078,2.89923579925941,16829.8670782368,5.15000009536743,4.32000017166138
2019,YR2019,Colombia,COL,323615979418.651,6428.67620562768,3.26021670173643,3.52549273618952,15634.7051315788,9.96140003204346,9.70699977874756
2019,YR2019,Cuba,CUB,..,..,..,..,..,..,1.63800001144409
2019,YR2019,Ecuador,ECU,107435665000,6183.82382482173,0.0537188288209904,0.266012515466136,11878.7183637027,3.81209993362427,3.96799993515015
2019,YR2019,United States,USA,21433226000000,65297.517508274,2.16117628829923,1.81221007526015,65297.5175082743,3.66919994354248,3.68199992179871
2019,YR2019,Philippines,PHL,376795508678.853,3485.08421835861,6.04057525655762,2.48027858716509,9302.38529765549,2.23729991912842,2.15000009536743
2019,YR2019,"Gambia, The",GMB,1826073739.82522,777.811932084008,6.05676574421921,7.11567625631189,2321.23774758047,..,9.05599975585938
2019,YR2019,Ghana,GHA,66983634223.943,2202.11556738065,6.47839480535899,7.17592284708857,5652.15060759374,..,4.33099985122681
2019,YR2019,Guinea,GIN,12296665331.192,962.839908587778,5.599999999926,9.47077937313535,2675.46157089664,..,4.2960000038147
2019,YR2019,Equatorial Guinea,GNQ,11026774945.3415,8131.92388810912,-5.57630845388924,1.23869860205109,19379.2424653675,..,6.43300008773804
2019,YR2019,Honduras,HND,25095395475.0393,2574.91219067443,2.65276116021215,4.36587159819272,5981.45089204649,5.6975998878479,5.38600015640259
2019,YR2019,India,IND,2868929415617.02,2099.59904810855,4.18072762475113,7.65969474279253,6996.55692650234,..,5.35500001907349
2019,YR2019,Mali,MLI,17279566718.6087,879.008010446655,4.75134153416911,-1.65826694846368,2424.33087194347,..,7.22399997711182
2019,YR2019,Morocco,MAR,119700325461.938,3204.09500313298,2.48190512448301,0.196065520576425,7826.16767727681,..,9.01900005340576
2019,YR2019,Mauritania,MRT,7600656943.97506,1679.44487300408,5.93144208859553,2.30009262117938,5427.05824167399,..,9.54800033569336
2019,YR2019,Mexico,MEX,1268870527160.03,9946.03382879198,-0.0545279280443225,3.6359614212705,20582.386869343,3.48280000686646,3.42499995231628
2019,YR2019,Nicaragua,NIC,12520915291.1837,1912.90374537869,-3.87904754979556,5.3762899084413,5646.39946843178,..,6.83699989318848
2019,YR2019,Nigeria,NGA,448120428858.769,2229.85869624463,2.2084292771582,11.3967949687168,5362.75841748844,8.5310001373291,8.0959997177124
2019,YR2019,Pakistan,PAK,278221906022.841,1284.70204090039,0.98882943984708,10.5783618004555,4898.0505701722,..,4.45300006866455
2019,YR2019,Paraguay,PRY,38145288939.8488,5414.79913793258,-0.0299143932940922,2.7570972756279,13246.4617553151,6.59469985961914,4.80900001525879
2019,YR2019,Peru,PER,226848050819.525,6977.69578355382,2.1501313906839,2.13715342569978,13416.4366277108,3.02990007400513,3.30999994277954
2019,YR2019,Dominican Republic,DOM,88941299734.2073,8282.11635935324,5.05216802271153,1.8106037704296,19227.7155985312,6.35599994659424,5.84499979019165
2019,YR2019,Senegal,SEN,23578084052.0147,1446.83096499408,5.27119235758356,1.75856517595659,3545.10033995315,..,6.60400009155273
2019,YR2019,Uruguay,URY,56045912952.9732,16190.126957465,0.222121727878545,7.88198870879622,22515.1935903221,9.35070037841797,8.73099994659424
2019,YR2019,"Venezuela, RB",VEN,..,..,..,..,..,..,8.80099964141846
,,,,,,,,,,
,,,,,,,,,,
,,,,,,,,,,
Data from database: World Development Indicators,,,,,,,,,,
Last Updated: 12/16/2020,,,,,,,,,,
